time,seconds_elapsed,z,y,x
1782836492842478300,0.083478271484375,0.062273793083429334,0.015323825860023498,-0.0770627083491534
1782836492852407300,0.0934072265625,-0.07225216626226902,-0.09560556932091713,-0.07228961219582707
1782836492862336300,0.103336181640625,-0.25682956597805023,-0.25485095938146113,-0.0641854719236493
1782836492872265200,0.11326513671875,-0.2913122658163309,-0.18831717076599597,-0.028111995762586592
1782836492882194200,0.123194091796875,-0.2025157919883728,-0.052746086281538006,-0.003097198830358684
1782836492892123100,0.133123046875,-0.18217910640239715,-0.03150280724465847,-0.004269859338924289
1782836492902052000,0.143052001953125,-0.15589315702319145,-0.06370528719127178,0.06489453350845724
1782836492911981000,0.15298095703125,-0.052980479559302324,-0.11008709913790225,0.09609598318636417
1782836492921911300,0.162911376953125,0.07411679109036921,-0.12256956409215926,0.03663450757730752
1782836492931840300,0.17284033203125,0.038595395854115484,-0.14662205533087252,-0.005044277777522802
1782836492941769200,0.182769287109375,-0.015626608198881148,-0.05622457604706287,0.0006368731314316392
1782836492951698200,0.1926982421875,-0.02796002007126808,0.03998655795156956,0.012933204396441578
1782836492961627100,0.202627197265625,-0.10889525900483131,0.052122985947132106,0.017642112739756702
1782836492971556000,0.21255615234375,-0.057341597378253936,0.08340016774237155,0.00608363076262176
1782836492981485000,0.222485107421875,0.008075754427909851,0.14999182402491568,0.015643595866300163
1782836492991414300,0.232414306640625,-0.009714753806591033,0.1647130078166723,0.04972794403675943
1782836493001343200,0.24234326171875,-0.046207039901614184,0.06957154887616634,-0.01884348788615316
1782836493011273200,0.252273193359375,-0.07207037995457649,0.027226445099711418,-0.06679941728170961
1782836493021202200,0.2622021484375,-0.12664485070705414,0.04117547547519207,0.018871800665184853
1782836493031131400,0.27213134765625,-0.22440262962579727,0.03353285176753998,0.0773955205000937
1782836493041060000,0.28206005859375,-0.11946809094548225,0.03757657420039177,0.02627553758304566
1782836493050989000,0.291989013671875,0.05777531262040138,0.12749299196898936,-0.006191401986032724
1782836493060918000,0.30191796875,0.10473229410648345,0.18552607874274252,-0.02260839337762445
1782836493070847200,0.31184716796875,-0.04668927046060562,0.1432990483880043,0.04485295841153711
1782836493080776200,0.321776123046875,-0.17716332406699656,0.08890928655266761,0.1249062634114176
1782836493090706200,0.3317060546875,-0.212205995875597,0.00951017114520073,0.13226217913217841
1782836493100635400,0.341635498046875,-0.19848785164654253,-0.007226444122195244,0.09915120603851973
1782836493110564400,0.351564453125,-0.1608838049173355,0.03461713987290859,0.06985811073258519
1782836493120493000,0.3614931640625,-0.13656184908747673,0.05158873293995857,0.0270440742701292
1782836493130422000,0.371422119140625,-0.0442851319283247,0.0014496142864227294,-0.020839484008960425
1782836493140351200,0.381351318359375,0.03974456588923931,-0.03201660198569298,-0.04442497879043221
1782836493150280200,0.3912802734375,0.016314005941152572,-0.017843699726462364,-0.09573518704995512
1782836493160209200,0.401209228515625,-0.11505845780968665,-0.023943185645341872,-0.1342015862295404
1782836493170138000,0.41113818359375,-0.14189035063385963,-0.02063362270593643,-0.09258852305468171
1782836493180068400,0.421068359375,-0.03159516170322895,-0.03359188847839832,-0.09169559280294924
1782836493189997300,0.430997314453125,-0.053552141967415805,-0.06730068133473396,-0.11583704096674918
1782836493199926000,0.440926025390625,-0.11114859088957309,-0.08864040648341179,-0.09989479094743728
1782836493209855200,0.450855224609375,-0.10568214217722416,-0.103740944981575,-0.05738616717234254
1782836493219784200,0.4607841796875,-0.09833294845819472,-0.1346066233664751,-0.05426945992391556
1782836493229713200,0.470713134765625,-0.108093879494071,-0.14797931515872478,-0.056486478386260565
1782836493239642000,0.48064208984375,-0.12858663242459295,-0.16060264988839626,-0.06533811255749315
1782836493249571000,0.490571044921875,-0.15856734466850755,-0.13145020516216754,-0.07094057220704852
1782836493259500300,0.500500244140625,-0.2140694516599178,-0.07606032637357711,-0.07551445599384606
1782836493269430300,0.51043017578125,-0.21615619480609893,-0.015854571735858917,-0.03162288996037096
1782836493279359000,0.52035888671875,-0.14973171178400516,0.0027981062859296795,-0.005746215501800179
1782836493289288200,0.5302880859375,-0.13584288716316223,-0.08319090890586375,-0.04189312222525477
1782836493299217200,0.540217041015625,-0.08459317691922187,-0.10796586920022964,-0.07383022923395037
1782836493309146000,0.55014599609375,-0.03550795123279094,-0.011996727263927458,-0.09052161712013185
1782836493319075000,0.560074951171875,-0.03713409112989902,0.07119710425138473,-0.07626030592508613
1782836493329004300,0.57000439453125,-0.05129413390755653,0.13153671440184114,-0.07903810007534921
1782836493338933200,0.579933349609375,-0.09258943637013435,0.17154256157577036,-0.08215382094308733
1782836493348862200,0.5898623046875,-0.12202303612530231,0.1030570543706417,-0.04797755670547485
1782836493358792200,0.599792236328125,-0.07142974396348,-0.010079495465755463,-0.02921940901521593
1782836493368721200,0.60972119140625,-0.07893325146138667,-0.0643581981420517,-0.026140293830819426
1782836493378654000,0.619654052734375,-0.11870470535755157,-0.007612813091278076,0.025766345951892432
1782836493388583000,0.6295830078125,-0.1512415318250656,0.012615151423215865,0.015190920195356011
1782836493398512000,0.63951220703125,-0.11684417218267917,0.04682371049523353,-0.05535352883357554
1782836493408441000,0.649441162109375,-0.06248363644182681,0.05753098247051239,-0.06974460388813167
1782836493418370000,0.6593701171875,-0.023686580535769462,0.04665186105966568,-0.0670126581735909
1782836493428299000,0.669299072265625,-0.02372223637104034,0.051640755388140676,-0.0682582377878949
1782836493438228200,0.679228271484375,-0.09817220493853092,0.0299678527623415,-0.045256716906838114
1782836493448158000,0.689157958984375,-0.19027473457455635,0.02204524306952953,-0.035070984587632116
1782836493458087000,0.6990869140625,-0.1334866794258356,0.05456570292413234,-0.03398855964578688
1782836493468016000,0.70901611328125,-0.09447685755193233,0.04282908790111541,-0.0712549353858456
1782836493477945000,0.718945068359375,-0.09977321039438247,0.04639233334064483,-0.043690417438186704
1782836493487874000,0.7288740234375,-0.03432195631861686,0.09094809890389442,-0.013648220798000692
1782836493497803000,0.738802978515625,-0.03788637080192566,0.08086392726302147,-0.023438268330506978
1782836493507732200,0.748732177734375,-0.12931085504591464,-0.03903846344649792,0.020249774487502873
1782836493517661200,0.7586611328125,-0.20903671818971634,-0.068867199999094,0.0428620768552646
1782836493527590100,0.768590087890625,-0.17038520823419093,-0.03069792060256004,-0.019066884845867754
1782836493537519900,0.778519775390625,-0.18720599465370177,-0.05236906966269016,-0.06850779210217296
1782836493547449000,0.788448974609375,-0.21779928583800792,-0.025640052691102026,-0.028494163480587302
1782836493557378000,0.7983779296875,-0.08504208973050117,0.035817747834324835,0.008938727932795881
1782836493567307000,0.80830712890625,-0.019323124629259107,0.03429623735547065,-0.028781565587222575
1782836493577236000,0.818236083984375,-0.09288637349009514,-0.009224339941143989,-0.06747636669520288
1782836493587165200,0.828165283203125,-0.12369886038303375,0.009548749589920044,-0.03688837274052203
1782836493597094100,0.83809423828125,-0.06269874049723148,0.02737783626914024,-0.031815599520877
1782836493607023000,0.848023193359375,-0.09183423408865928,0.007191372808814048,-0.05003280873484909
1782836493616953000,0.857953125,-0.08773205946683883,0.0012760112851858138,-0.029205124761536715
1782836493626882000,0.867882080078125,-0.02196516357064247,0.011314005696773528,-0.03642331251204014
1782836493636811000,0.87781103515625,-0.05877835218310356,0.010644143611192702,-0.05438888505250215
1782836493646740000,0.887739990234375,-0.10953472595214843,0.02902969512939453,-0.0673739292340353
1782836493656669200,0.897669189453125,-0.19433131648898125,0.06719605191648007,-0.013084814761579036
1782836493666598100,0.90759814453125,-0.23184826945662498,0.042050504744052884,0.04116564820092171
1782836493676527000,0.917527099609375,-0.1833060646057129,0.005552373430132865,-0.0011097148075699806
1782836493686456000,0.9274560546875,-0.09410042545497417,-0.019143676409125326,-0.0001258183367550373
1782836493696385000,0.937385009765625,-0.09648001406788825,0.01911386579275131,0.04730155714005232
1782836493706315000,0.94731494140625,-0.11178162809610366,0.05856441717147827,0.054066813491284844
1782836493716244000,0.957243896484375,-0.12830840000510216,0.09165361682474613,0.029347090515494344
1782836493726173000,0.9671728515625,-0.09221417331695556,0.11125555839538574,0.032518925484642386
1782836493736102100,0.97710205078125,-0.06734510499835014,0.0722486591309309,0.013355302266031504
1782836493746031000,0.987031005859375,-0.11130348919034004,0.03980769425332546,-0.01945727240294218
1782836493755960000,0.9969599609375,-0.08928981030285357,0.04729483513832092,0.004225618338398635
1782836493765889000,1.006888916015625,-0.036519758623838425,0.055119245153665536,0.028799393504858016
1782836493775818000,1.01681787109375,-0.027650807991623876,0.05330547372996807,-0.0016676409512758254
1782836493785747000,1.026746826171875,-0.03550502862334251,0.04919920745491981,-0.07071158575676381
1782836493795677000,1.036677001953125,-0.02576046420037746,0.07190028408467769,-0.112421168108657
1782836493805606100,1.046606201171875,-0.0636561873525381,0.06066460432112217,-0.09744250242449343
1782836493815535000,1.05653515625,-0.12154022104442119,0.056201779693365095,-0.08353033346068113
1782836493825464000,1.066464111328125,-0.13308511288762093,0.044265842705965036,-0.10525284738186746
1782836493835393000,1.07639306640625,-0.10847966394126414,0.047051089510321616,-0.051195313175581396
1782836493845322200,1.086322265625,-0.09599310733377933,0.013883563923835754,-0.017175737337023017
1782836493855251200,1.096251220703125,-0.0955804348796606,-0.020755787780880927,0.011597718008980155
1782836493865180000,1.106179931640625,-0.11708733328878879,-0.02735387087166309,0.028389424464479087
1782836493875108900,1.11610888671875,-0.12167699916660785,-0.006851765590906143,0.04570095354299992
1782836493885039000,1.1260390625,-0.14188801254630087,-0.03645604573786258,0.024780367121845483
1782836493894968000,1.135968017578125,-0.20068623847365377,-0.07992810771763324,0.020028240691311656
1782836493904897000,1.14589697265625,-0.19637889666855335,-0.09813011936247348,-0.007493899419344962
1782836493914826000,1.155825927734375,-0.112163320890069,-0.019334230545163155,-0.07347831052374094
1782836493924755200,1.165755126953125,-0.02377542786300182,0.06501520074605942,-0.07615436133258044
1782836493934684200,1.17568408203125,0.054229602837562556,0.07417816588878631,-0.08787800727616996
1782836493944612900,1.18561279296875,-0.003262801188230514,0.034709494331479074,-0.09293653277475386
1782836493954541800,1.195541748046875,-0.021914310166239737,0.034489714100956914,-0.018795557091198862
1782836493964471000,1.205470947265625,-0.01514028598666191,-0.019837503892183302,-0.025079496198892593
1782836493974401000,1.215401123046875,-0.05110241072773933,-0.11993512393534182,-0.06474343459997325
1782836493984330000,1.225330078125,-0.06721709470450878,-0.12283961320519447,-0.033072906105592846
1782836493994259200,1.23525927734375,-0.10497954686582088,-0.08993219985961913,0.06178907830640673
1782836494004188200,1.245188232421875,-0.11289923394918441,-0.11965922960340976,0.10172277355957776
1782836494014117000,1.2551171875,-0.056249125966429704,-0.20022154357135294,0.027332572355307637
1782836494024045800,1.2650458984375,-0.0683224255979061,-0.19535481431782245,-0.04093958436008543
1782836494033975000,1.27497509765625,-0.18524667727947233,-0.12947218308746813,-0.0874193037232384
1782836494043904000,1.284904052734375,-0.14419453592300413,-0.08469137659668922,-0.11534355836138128
1782836494053833000,1.2948330078125,-0.0358890595048666,-0.060014031457901,-0.12957443788554518
1782836494063763200,1.30476318359375,-0.01460135680437088,-0.004413140267133712,-0.1243993368025869
1782836494073692200,1.314692138671875,-0.05578209297657013,0.05602408503890037,-0.07340429543945938
1782836494083621000,1.32462109375,-0.0011205284625291825,0.06401975996792315,-0.06501680818125605
1782836494093550000,1.334550048828125,-0.018031331253051758,0.01786298894882202,-0.11000380476862191
1782836494103479000,1.34447900390625,-0.033034839117527005,0.04870996263325214,-0.09716386814620345
1782836494113408000,1.354407958984375,-0.012961188381910323,0.06591302636861801,-0.048599159202538426
1782836494123337000,1.3643369140625,0.014434768065810203,0.029458149674534796,-0.05181855964045971
1782836494133266000,1.374265869140625,0.009404957205057143,0.023961305823922155,-0.015276589184813201
1782836494143195100,1.384195068359375,0.042134675896167754,-0.0050911856591701506,0.01280906656011939
1782836494153125000,1.394125,0.07142682135403156,-0.05527531249821186,-0.0369563964754343
1782836494163054000,1.40405419921875,-0.02569207513928413,-0.03982289182245731,-0.08100161870066076
1782836494172983000,1.413983154296875,-0.10200140783786774,-0.06086684889495372,-0.07113105327785015
1782836494182912000,1.423912109375,-0.09338321709632873,-0.11019465116560459,-0.02939768819157034
1782836494192841000,1.433841064453125,-0.03190612734854221,-0.13515256681144236,-0.036404607811570164
1782836494202770000,1.44377001953125,-0.0011082535028457642,-0.15689853467345236,-0.06414298448879271
1782836494212699000,1.453698974609375,0.03240004834532738,-0.13598726406991482,-0.08336750758178532
1782836494222628000,1.463628173828125,-0.031280104404687877,-0.08012567611634731,-0.08827540909592062
1782836494232558000,1.47355810546875,-0.10205284576416015,-0.08518412854969501,-0.02550897365733981
1782836494242487000,1.483487060546875,-0.16672785477042198,-0.15778174724876878,0.01965509652998298
1782836494252416300,1.493416259765625,-0.2162304290860891,-0.1666705716252327,0.08754329542908817
1782836494262345000,1.503344970703125,-0.1835182460516691,-0.08638824364244937,0.0739316803144291
1782836494272274000,1.51327392578125,-0.10389175162911414,-0.028602994149923323,0.007098141567409038
1782836494282203000,1.523202880859375,-0.06492109272181987,-0.00800561180114746,-0.04837828299347311
1782836494292132000,1.533132080078125,-0.037303602477908135,0.029921675533056257,-0.05598225519116968
1782836494302061000,1.54306103515625,-0.039133740514516825,0.05345452681183815,-0.07723032000102102
1782836494311990000,1.552989990234375,-0.09977262587249279,0.057149289676547047,-0.0697103728249669
1782836494321919000,1.5629189453125,-0.11521569419801235,0.0869318489998579,-0.02599916832707822
1782836494331849200,1.57284912109375,-0.03299275354146957,0.12212825006544589,0.015825199510902166
1782836494341778000,1.58277783203125,-0.005547112733125686,0.07946399733722209,0.009106595312990247
1782836494351707000,1.592706787109375,-0.05975859539210796,0.012349193963408469,0.0025877514708787202
1782836494361635800,1.6026357421875,-0.11986147417724131,-0.01967325324118137,-0.020379282618686555
1782836494371565000,1.61256494140625,-0.20292203470170497,-0.035896073767542835,-0.08177680432423949
1782836494381490400,1.622490478515625,-0.13151917874515057,-0.0037011926054954527,-0.05720277342945337
1782836494391419600,1.632419677734375,-0.022454992914199827,0.043126609542965884,-0.03285334507077932
1782836494401348600,1.6423486328125,0.06606734014749527,0.04433832342028617,-0.06648136430848389
1782836494411278600,1.652278564453125,0.03173544695675373,0.04452127877175808,-0.08007668587546796
1782836494421207600,1.66220751953125,-0.024991817915439606,0.01047170965373516,-0.0648598640538752
1782836494431136500,1.672136474609375,-0.000810147339105606,-0.03915770591199398,-0.09232428262792527
1782836494441065500,1.6820654296875,0.03704232119321823,-0.0463023169696331,-0.10926215608846396
1782836494450994400,1.691994384765625,-0.02269932306408882,-0.05799684641659259,-0.16976576116159559
1782836494460923400,1.70192333984375,-0.12135609664916991,-0.07798106530308722,-0.1366258542343974
1782836494470852600,1.7118525390625,-0.20382629006505013,-0.08397066110670566,0.010752645486965775
1782836494480781600,1.721781494140625,-0.17171616457700728,-0.048991117662191386,0.09401183385606855
1782836494490710500,1.73171044921875,-0.04721709372699261,-0.0400631303191185,0.02416150457113981
1782836494500640500,1.741640625,-0.0212058696359396,-0.030115736800432204,-0.015367738066986202
1782836494510569500,1.751569580078125,-0.07589490667879581,-0.023981764090061187,-0.028477906465530393
1782836494520498400,1.76149853515625,-0.14352233574986456,0.022334581404924392,-0.05486019235868007
1782836494530427400,1.771427490234375,-0.13003390862345696,0.014573299753665923,-0.03792418206166476
1782836494540356600,1.781356689453125,-0.017494740158319474,0.022647300615906713,-0.03984258290361613
1782836494550285600,1.79128564453125,0.08205985904932021,0.09649871876835822,-0.029195589748211202
1782836494560214500,1.801214599609375,0.0812637402355671,0.15203589707314968,-0.03045231181103736
1782836494570143500,1.8111435546875,-0.07114099014997483,0.06034311728179455,-0.04933090754318982
1782836494580072700,1.82107275390625,-0.13043196803033352,-0.0005044423907995223,-0.044449784438125785
1782836494590001700,1.831001708984375,-0.0694464611917734,0.038424715462327,-0.01465389070920646
1782836494599931400,1.840931396484375,-0.15845979264080523,0.017311200284957886,0.01689889315702021
1782836494609860400,1.8508603515625,-0.24565292292535304,-0.04360825558006763,0.044444560273736715
1782836494619789600,1.86078955078125,-0.12471768203675747,-0.09824819278419017,0.054383368627168235
1782836494629718500,1.870718505859375,-0.09091068950295447,-0.13643150070607662,0.017056019947491584
1782836494639647500,1.8806474609375,-0.05050736744403839,-0.09045826956033706,-0.031400187120400366
1782836494649576400,1.890576416015625,-0.0017857143729925154,-0.014895955836772917,-0.07013524717353284
1782836494659505700,1.900505615234375,-0.040620764201879496,0.011080781462788581,-0.0413120709342882
1782836494669434600,1.9104345703125,-0.13826806848347187,0.012689385703206062,0.013431728503108024
1782836494679364400,1.9203642578125,-0.13570493999719618,0.01032265657186508,0.0024222952434793115
1782836494689293600,1.93029345703125,-0.13924597360491753,-0.030679215902090072,-0.006450564378872513
1782836494699222500,1.940222412109375,-0.079285133638978,-0.039002807611227035,-0.010361052353493869
1782836494709151500,1.9501513671875,-0.023308394873142242,-0.03253916455507278,-0.023001192087493835
1782836494719080400,1.96008056640625,-0.017720365607738493,-0.04696808740198612,-0.03421429469306022
1782836494729009700,1.970009765625,-0.025412673676013946,-0.022265607821941376,-0.008513780518993735
1782836494738938600,1.979938720703125,-0.02338204463124275,0.03537526476383209,0.0032387261928990482
1782836494748867600,1.98986767578125,-0.05989128186106681,0.04525134661197662,-0.006135470547713339
1782836494758796500,1.999796630859375,-0.05195230555534362,0.0018254618614912033,-0.050344979956559836
1782836494768726500,2.0097265625,-0.02715221081972122,-0.0049824645876884455,-0.10574603772629051
1782836494778655500,2.019655517578125,-0.08439268591105938,0.016151508855819702,-0.07617467346824705
1782836494788584400,2.02958447265625,-0.09068155692219734,0.02709901932775974,-0.003561930265277624
1782836494798513700,2.039513671875,-0.12548515927791595,-0.035850481060147286,0.05888210481852293
1782836494808442600,2.049442626953125,-0.15356266824901102,-0.0635386984527111,0.0949465939555317
1782836494818371600,2.05937158203125,-0.09694646253585815,-0.0687321754425764,0.08649817029032855
1782836494828300500,2.069300537109375,-0.11195698466300964,-0.04697510166466236,0.04721428071539849
1782836494838229500,2.0792294921875,-0.11244447591900825,-0.012560790887475012,-0.01672309819869697
1782836494848158700,2.08915869140625,-0.023133622828125953,-0.01885550711750984,-0.08614778595007956
1782836494858088400,2.09908837890625,-0.005669862329959869,-0.06027122108936309,-0.14255064117349683
1782836494868017400,2.109017333984375,0.017635025411844252,-0.05688917743563652,-0.1258244011696428
1782836494877946600,2.118946533203125,0.019951485660672185,-0.034795419049263,-0.11569361390806734
1782836494887875600,2.12887548828125,-0.027812136033177375,-0.03280979818999767,-0.12735131847597658
1782836494897804500,2.138804443359375,-0.09303718013763428,0.003938508492708206,-0.10976984988227485
1782836494907733500,2.1487333984375,-0.09902852950692176,0.002242225968837738,-0.059423847012408076
1782836494917662700,2.158662841796875,-0.10211714317202568,-0.07141220830678939,-0.02219988564196974
1782836494927591700,2.168591796875,-0.13153788344562053,-0.1584305665463209,0.008882065842114388
1782836494937520400,2.178520263671875,-0.09339490753412247,-0.10813771863579749,0.01022449342701584
1782836494947450600,2.18845068359375,-0.11449147157669066,-0.04262684332728386,-0.01848276481498033
1782836494957379600,2.198379638671875,-0.1418833363711834,0.011276011773943901,-0.03677055504713207
1782836494967308500,2.20830859375,-0.12000292847454547,0.06987550025880336,-0.023661701822839675
1782836494977237500,2.218237548828125,-0.1138929211616516,0.07512099969685077,-0.007110087733529507
1782836494987166700,2.228166748046875,-0.14626666602194308,0.01616378381550312,0.022572518346644938
1782836494997095700,2.238095703125,-0.20488252111971378,0.018260463833808898,0.02245250869616866
1782836495007024600,2.248024658203125,-0.16944938868880272,0.07018529686033725,0.033288485085032876
1782836495016953300,2.257953369140625,-0.10891396370530128,0.03653670975863933,-0.0012360446009784937
1782836495026883600,2.267883544921875,-0.049662148791551584,0.016335633251070975,-0.010026230908557771
1782836495036812500,2.2778125,0.013745616757869719,0.07148819615244865,0.0167773126039654
1782836495046741500,2.287741455078125,0.004968436062335968,0.027839608561992645,-0.0065912149585783475
1782836495056670500,2.29767041015625,-0.0862953046619892,0.029060090267658233,-0.01695668775886297
1782836495066599700,2.307599609375,-0.1556242769539356,0.031684009030461306,-0.01485222629290074
1782836495076528600,2.317528564453125,-0.1848123775154352,-0.008045943811535835,-0.052173656688444314
1782836495086457600,2.32745751953125,-0.21245091054737567,-0.056712067303061484,-0.10298566963486373
1782836495096386600,2.337386474609375,-0.13838555738329886,-0.054935120758414266,-0.06462181751430034
1782836495106315500,2.3473154296875,-0.061352586585283274,-0.024075872114300727,-0.022016820692643522
1782836495116245500,2.35724560546875,0.016796236500144005,-0.00789630620777607,-0.046742973409220574
1782836495126174500,2.367174560546875,0.019846856242418286,-0.005234393522143364,-0.024174619781039654
1782836495136103700,2.377103759765625,-0.07827800242304801,0.0038859015226364135,-0.01638732690569013
1782836495146032600,2.38703271484375,-0.13380407481193543,-0.004211480215191841,-0.06725687872562557
1782836495155961600,2.396961669921875,-0.17105448579788207,-0.020271219134330748,-0.0429707613941282
1782836495165890600,2.406890625,-0.12159984227716922,-0.0689151307940483,-0.0019417451849207282
1782836495175819500,2.416819580078125,-0.051959319818019864,-0.030772154882550237,-0.01637717083785683
1782836495185748500,2.42674853515625,-0.008915127861499787,0.07398527366518974,-0.01804755173549056
1782836495195677400,2.436677490234375,-0.04380231684744358,0.10437105957865714,0.008922397852502763
1782836495205607700,2.446607666015625,-0.11989011574983596,0.02360825460255146,-0.034539727255143225
1782836495215536600,2.45653662109375,-0.10924714118242262,0.011343231791257858,-0.08084540522564201
1782836495225465600,2.466465576171875,-0.07879939594864845,0.07572422628700733,-0.04532532516364008
1782836495235394600,2.47639453125,-0.10822948857247829,0.06544073268175125,-0.03260178146250546
1782836495245323500,2.486323486328125,-0.1983113260358572,-0.007785247048735618,-0.022968495394289492
1782836495255252500,2.49625244140625,-0.2300432658612728,-0.00471826069355011,0.03043758916594088
1782836495265181400,2.506181396484375,-0.11933774256408214,0.026978607818484306,0.008402794425189495
1782836495275110400,2.5161103515625,-0.06158171916604042,0.020486323189735412,-0.04996555218491703
1782836495285039400,2.526039306640625,-0.14657704714536665,0.027793431332707404,-0.03456500782687217
1782836495294969600,2.535969482421875,-0.17199147438704968,0.034487960535287854,0.011341039834171533
1782836495304898600,2.545898681640625,-0.05859305874407291,-0.004153028026223182,0.01008278340138495
1782836495314827500,2.55582763671875,-0.01252045887708664,-0.044538814428448675,-0.03705960112158209
1782836495324756700,2.5657568359375,-0.026639585122466086,-0.023026070800423622,-0.04170110678449273
1782836495334685400,2.575685546875,-0.03070318129956722,0.03321545638144016,0.0005215761886909604
1782836495344614400,2.585614501953125,-0.046293549141287804,0.02888590274453163,-0.029411278325505552
1782836495354543400,2.59554345703125,-0.06592939298152924,-0.03850070330798626,-0.046799854695610696
1782836495364472600,2.60547265625,-0.1261795712828636,-0.06606792466938495,-0.029167057773470877
1782836495374402600,2.615402587890625,-0.21482933011651037,-0.030770401316881177,-0.023517836372740564
1782836495384332300,2.625332275390625,-0.12490882069468498,0.02617547474205494,-0.01343845050483942
1782836495394261200,2.63526123046875,-0.049799511435627934,0.053554480054974554,-0.028368637404777106
1782836495404190000,2.64518994140625,0.01691489444375038,0.04817278701663017,-0.028766294952854512
1782836495414119000,2.655118896484375,0.018602993661165235,0.013277999246120453,-0.050946891372464595
1782836495424048000,2.665048095703125,-0.05380582446753979,-0.02273848603069782,-0.02701024506576359
1782836495433977000,2.67497705078125,-0.12554127337932586,-0.04071545674800873,-0.0012020692661404609
1782836495443906000,2.684906005859375,-0.19105507129728794,-0.0026654198169708252,0.04397215698901564
1782836495453835000,2.6948349609375,-0.23618308379054068,0.007119476616382598,0.11470489513166249
1782836495463765200,2.70476513671875,-0.20909166324734688,-0.026725509840250013,0.07464954626020044
1782836495473694200,2.714694091796875,-0.10849661507606506,-0.032440964877605435,-0.0009960618326440452
1782836495483623000,2.724622802734375,0.004584405180811882,0.006498129847645759,-0.017579020908288657
1782836495493551900,2.7345517578125,0.0045937575310468675,0.017881109127402303,-0.026935353198647496
1782836495503481000,2.744481201171875,0.02248188092112541,-0.042649639680981635,-0.043721360565721984
1782836495513410000,2.75441015625,0.008690671455860137,-0.020536592072248457,-0.08868267472255975
1782836495523339000,2.764339111328125,-0.008635726398229598,0.07439853064119815,-0.08160254373587668
1782836495533268000,2.77426806640625,-0.05062076469063759,0.06291618264019488,-0.08207370491158217
1782836495543198200,2.7841982421875,-0.09362754724621772,0.0029518355429172514,-0.10048972463328391
1782836495553127200,2.794127197265625,-0.12736731976270674,-0.006290624576807022,-0.05533858699277043
1782836495563055900,2.804055908203125,-0.10700549973547457,-0.06290156959295272,-0.02400960194505751
1782836495572985000,2.813985107421875,-0.10489596023559569,-0.12359013931155204,-0.03035637715589255
1782836495582914000,2.8239140625,-0.09678454997241497,-0.09685235451161861,-0.000044387130998075005
1782836495592843000,2.833843017578125,-0.060599137869477265,-0.06999474272429942,-0.014544146724417804
1782836495602772000,2.84377197265625,-0.10214403117895125,-0.04154138617813587,-0.060945028697699306
1782836495612701200,2.853701171875,-0.10965922911465167,0.013489596170186996,-0.025517376159504054
1782836495622630100,2.863630126953125,-0.08685352306663989,0.04154547783136368,0.016358320006914437
1782836495632560000,2.87356005859375,-0.0943827495276928,0.023565584504604338,0.011774645478464662
1782836495642489000,2.883489013671875,-0.12797639157176016,0.02319090597331524,0.005168488679081202
1782836495652418000,2.89341796875,-0.1004296284765005,-0.007650222492218017,0.04521145299300551
1782836495662347000,2.903346923828125,-0.08987842384576797,-0.05206745636761188,0.010681151153333485
1782836495672276000,2.91327587890625,-0.04342413118481636,-0.04979366621673107,-0.04949680216200649
1782836495682205000,2.923204833984375,0.031761750441789624,-0.020000585499405858,-0.04408650408368557
1782836495692134100,2.933134033203125,-0.0005295768320560455,0.022646131572127342,-0.056508142228797076
1782836495702063000,2.94306298828125,-0.002516366735100746,0.0641968701004982,-0.08556121823377907
1782836495711993000,2.9529931640625,0.019789573097229004,0.03491056986153126,-0.08636983120292424
1782836495721922000,2.962922119140625,-0.03390811482071876,-0.0005891980648040771,-0.09378080157916992
1782836495731851000,2.97285107421875,-0.1011924295425415,-0.024509587356448172,-0.03427504843696952
1782836495741780000,2.982780029296875,-0.11251871019899845,-0.060496846538782116,-0.008910780479945242
1782836495751709000,2.992708984375,-0.06153261932730674,-0.07420154676437378,-0.05428308659046888
1782836495761638100,3.00263818359375,-0.010530161842703818,-0.10242693977355956,-0.05854724684096872
1782836495771567000,3.012567138671875,0.008681903627514838,-0.1165209315776825,-0.027646789403632282
1782836495781496000,3.02249609375,-0.0074514850497245785,-0.061354340150952334,-0.036702239051274954
1782836495791425000,3.032425048828125,-0.06643383537232875,-0.018122516667842863,-0.024258754400536417
1782836495801355000,3.04235498046875,-0.07970131322443484,-0.024005729487538336,-0.005798530210927129
1782836495811284000,3.052283935546875,-0.10537819079458713,-0.0514046085447073,-0.017991328036226332
1782836495821213000,3.062212890625,-0.12891805633604525,-0.061918988296389574,-0.043980778686888516
1782836495831142100,3.07214208984375,-0.15509645368754862,-0.09305003961920738,-0.06034362873844802
1782836495841071000,3.082071044921875,-0.1360702661782503,-0.10406652367413044,-0.04998538939654827
1782836495851000000,3.092,-0.031034605211019514,-0.06303250249624252,-0.06745093999300152
1782836495860929000,3.101928955078125,-0.004935702836513519,0.0051233343631029125,-0.0771140732102096
1782836495870858200,3.111858154296875,-0.04014730147123337,0.05100011939704418,-0.10349157333038747
1782836495880788000,3.1217880859375,0.020186463460326192,0.030601474490761754,-0.05623389186467975
1782836495890717000,3.131717041015625,-0.06679974607527256,-0.018005612289905548,-0.037915596896409984
1782836495900646000,3.14164599609375,-0.13980068487823008,0.0050075990289449685,-0.027969226291030644
1782836495910575000,3.1515751953125,-0.07954875301122664,0.001412204885482788,-0.01166303833015263
1782836495920504000,3.161504150390625,-0.0832628050982952,-0.03475684060454368,-0.047454701875150204
1782836495930433000,3.17143310546875,-0.11096680458188056,-0.058168111330270764,-0.06870064779315144
1782836495940362000,3.181362060546875,-0.11167816772162914,-0.05588379978537559,-0.06886603095531463
1782836495950291200,3.191291259765625,-0.16115619211792945,-0.013770166677236555,-0.006718859926238656
1782836495960221000,3.201220947265625,-0.0822217716127634,0.03731646195948124,-0.02086545870043337
1782836495970150000,3.21114990234375,-0.007802782705426216,0.062191375496983524,-0.04313176064211875
1782836495980079000,3.2210791015625,-0.027430443239212034,0.06279460208714008,-0.029249804153479633
1782836495990008000,3.231008056640625,-0.0873106191843748,0.009368716847896575,-0.06231704770326614
1782836495999937000,3.24093701171875,-0.07647942856848239,-0.03332476197481155,-0.09719539579562843
1782836496009866000,3.250865966796875,-0.053307811817526814,-0.07264671853780746,-0.05204827674310654
1782836496019795200,3.260795166015625,-0.054259413453936575,-0.002994505640864372,-0.022405016292631624
1782836496029724200,3.27072412109375,-0.020583353823423384,0.054175826823711394,-0.0060436275457963345
1782836496039653000,3.280653076171875,-0.03392038978040218,0.041214053919911384,0.005421002135425805
1782836496049582800,3.290582763671875,-0.05657002848386764,0.007314122405648231,-0.037180706750601526
1782836496059512000,3.300511962890625,-0.10316402187645435,-0.05470306556820869,-0.06947090151328593
1782836496069441000,3.31044091796875,-0.11978256372213363,-0.05357727640867233,-0.07877049864772706
1782836496079370000,3.320369873046875,-0.1311778179615736,-0.025901918497681618,-0.055540137446857984
1782836496089299000,3.330298828125,-0.1153396128386259,-0.015527239477634429,0.0033865736983716486
1782836496099228200,3.340228271484375,-0.068710548132658,-0.029356442865729332,0.0370407868232578
1782836496109157000,3.3501572265625,-0.08345745088756083,-0.07096621810495853,0.09046097297407686
1782836496119086000,3.360086181640625,-0.15063421358168125,-0.1317968266427517,0.09670406861472874
1782836496129016000,3.37001611328125,-0.12382044093608856,-0.08548866445422172,0.03481711942441761
1782836496138945000,3.379945068359375,-0.04765256253480911,-0.013816343906521797,-0.021199841753952203
1782836496148874000,3.3898740234375,-0.013715806141495705,0.013205518531799316,-0.07266666534729302
1782836496158803000,3.399802978515625,0.004867898297309875,0.045888475471734996,-0.08023001327365636
1782836496168732200,3.409732177734375,0.023607670080661773,0.07034545585811137,-0.07044365553557873
1782836496178661000,3.4196611328125,-0.007936638218164444,0.010463526347279548,-0.09738708244282751
1782836496188590000,3.429590087890625,-0.045774493703246114,-0.006889759513735771,-0.1006436000207439
1782836496198519000,3.43951904296875,-0.1148386775791645,-0.0009516016364097595,-0.045432438799925146
1782836496208448300,3.4494482421875,-0.07821195144951343,-0.021042203506827353,-0.03335486485213041
1782836496218378000,3.4593779296875,-0.10367664757370948,-0.03382745079994202,-0.04617167632728815
1782836496228307000,3.469306884765625,-0.19020342290401457,-0.007158055061101913,-0.013357603820972144
1782836496238236200,3.479236083984375,-0.13458967223167417,-0.02032733323574066,0.019734701104834676
1782836496248165000,3.4891650390625,-0.08749474357962608,-0.02880699228942394,-0.003209061706997454
1782836496258094000,3.499093994140625,-0.08963584726154804,-0.00021218144595623015,-0.015243892491608858
1782836496268023000,3.50902294921875,-0.09652736034095287,0.010393968242406845,0.01431344324108213
1782836496277952300,3.5189521484375,-0.11274901182353496,-0.004570376655459404,-0.03776979521755129
1782836496287881200,3.528881103515625,-0.12696633774638175,-0.0005804302364587784,-0.08992869272828101
1782836496297811000,3.53881103515625,-0.13216039925813675,-0.009019757279753685,-0.05207257093414664
1782836496307740000,3.548739990234375,-0.1404758076608181,-0.008528174370527266,0.017645327610149978
1782836496317669000,3.558669189453125,-0.1286930154085159,0.004283960929512978,0.03281736044194549
1782836496327598000,3.56859814453125,-0.1034749875217676,-0.0241162041246891,0.010280717126280068
1782836496337527000,3.578527099609375,-0.09129530490636825,-0.07218611528873443,-0.01626329866722226
1782836496347456000,3.5884560546875,-0.0866746593683958,-0.05480535689890385,-0.024166984463855623
1782836496357385200,3.59838525390625,-0.06863514480888844,0.04918400988578796,-0.017775310665369033
1782836496367314200,3.608314208984375,0.016929507490992545,0.13159341302514074,-0.01427245364356786
1782836496377244200,3.618244140625,0.07239712769091129,0.10556056162416934,-0.06051354194525629
1782836496387173000,3.628173095703125,-0.015747604230046272,0.03680208269655704,-0.08262512824926525
1782836496397102000,3.63810205078125,-0.1182195521891117,-0.0015559972703456878,-0.03530124967955053
1782836496407031300,3.64803125,-0.11213701740503311,-0.025173604223132133,0.006574848345667124
1782836496416960300,3.657960205078125,-0.07791326076388358,-0.05178863942623138,-0.04052530447077006
1782836496426889200,3.66788916015625,-0.09637889178097248,-0.010985504394769668,-0.050043549324572084
1782836496436818200,3.677818115234375,-0.07073825456798076,0.03756079210937023,0.02499083153475076
1782836496446747400,3.687747314453125,-0.03214987297654152,0.011564765587449073,0.02328589078038931
1782836496456677000,3.697677001953125,-0.03035948242843151,-0.04061725707054138,-0.05750361953955143
1782836496466606000,3.707606201171875,-0.11392273177802562,-0.04446516467034817,-0.05360076688211411
1782836496476535300,3.717535400390625,-0.1405138015836477,-0.013864274701476097,0.025538126686587927
1782836496486464300,3.72746435546875,-0.07728314616680144,-0.03714344348013401,0.0037730522653087973
1782836496496393200,3.737393310546875,-0.059846273675560946,-0.05793605614006519,-0.05725717049781233
1782836496506322200,3.747322265625,-0.09127776924967765,-0.040410920843482016,-0.01745577812111005
1782836496516251100,3.757251220703125,-0.11946283024847507,-0.0033428806871175763,-0.00862938798898831
1782836496526180400,3.767180419921875,-0.16591069316864013,0.0006271919876337051,-0.036650454065110534
1782836496536110000,3.777110107421875,-0.14612988789975642,0.0028407763838768003,-0.02308278769003227
1782836496546039000,3.7870390625,-0.08198036407232284,-0.012970540732145309,-0.0482323717167601
1782836496555968300,3.79696826171875,-0.06426935081481933,-0.0007733224600553512,-0.06861002863394096
1782836496565897200,3.806897216796875,0.00902560249865055,0.01018763201534748,-0.04328585522528738
1782836496575826200,3.816826171875,0.030528409254550932,0.01555120487511158,-0.03652304655946791
1782836496585755100,3.826755126953125,-0.04257540540099144,0.07672960393726826,-0.05052373405694961
1782836496595684400,3.836684326171875,-0.07627835303843021,0.09640227265655994,-0.052194407215528184
1782836496605613300,3.84661328125,-0.11269348224401474,0.04825637364685535,-0.028949469500035047
1782836496615543000,3.85654296875,-0.0960685106575489,-0.012474866169691085,-0.003453172661177814
1782836496625472300,3.86647216796875,-0.042594694623351095,-0.04608195221722126,-0.014199717200919984
1782836496635401200,3.876401123046875,-0.02391805120408535,-0.06352642349302769,0.01146240119151771
1782836496645330200,3.886330078125,-0.05504734896123409,-0.05537760382890701,0.010595701359584927
1782836496655259100,3.896259033203125,-0.06214578278958797,-0.014472177466750145,0.000008110241219401359
1782836496665188400,3.906188232421875,-0.04134557134509086,-0.0015530746608972549,-0.012672288437932729
1782836496675117300,3.916117431640625,-0.08776128556132316,-0.02633914087116718,-0.010837291563116013
1782836496685046300,3.92604638671875,-0.13294716572165488,-0.03502396710813045,0.012877674816921352
1782836496694976000,3.93597607421875,-0.1275876845151186,-0.04179974485337734,0.0014591492997482417
1782836496704905200,3.9459052734375,-0.13751403524577616,-0.09143909729123115,-0.009274316562712192
1782836496714834200,3.955834228515625,-0.13805822512507437,-0.07144377248883246,0.022366182119585572
1782836496724763100,3.96576318359375,-0.09746785606145858,-0.01603869613111019,0.007371880474872887
1782836496734692000,3.975692138671875,-0.11064531754255294,-0.012661328652501105,-0.0030831337723881006
1782836496744621300,3.985621337890625,-0.15837795957624912,-0.012372574838995933,0.05155694956220686
1782836496754550300,3.99555029296875,-0.10528057563900947,-0.037350948750972744,0.08896540065407753
1782836496764479200,4.005479248046875,-0.09696575175821781,-0.048859600237011906,0.08175970705896615
1782836496774409200,4.0154091796875,-0.057988663110136986,-0.02741933732330799,0.060409223054256285
1782836496784338200,4.025338134765625,-0.021619711133837698,-0.01702595360279083,0.0024397395686246454
1782836496794267100,4.03526708984375,-0.030448914277553557,0.024795418560504913,-0.04496454729354009
1782836496804196000,4.045196044921875,-0.011890928801894187,0.07014730293750762,-0.06869867503177374
1782836496814125300,4.055125244140625,-0.027940730848908423,0.051125207081437106,-0.0955861522343941
1782836496824054300,4.06505419921875,-0.07981178786158562,0.013604746982455253,-0.12760635268297046
1782836496833983200,4.074983154296875,-0.04712006309330463,-0.0034422494083642956,-0.1076662469328381
1782836496843912200,4.084912109375,-0.025782676032185554,-0.06871405526399613,-0.09894094255501404
1782836496853842200,4.09484228515625,-0.06778466545939445,-0.07151274607181549,-0.06033431292083114
1782836496863771100,4.104771240234375,-0.0930751740604639,-0.007658405798673629,-0.01033580831438303
1782836496873700000,4.1147001953125,-0.13611176723241805,0.012981646648049353,0.031141061260178682
1782836496883629000,4.124629150390625,-0.10136720158755778,-0.006496960803866386,0.05581968504060059
1782836496893558300,4.134558349609375,-0.08287643612921237,-0.04993921216726303,0.024711795397661624
1782836496903487200,4.1444873046875,-0.14337036005854606,-0.06468611492216586,-0.019990758225135505
1782836496913416200,4.154416259765625,-0.14930501080453396,-0.04360241036117077,0.004116568473353982
1782836496923345200,4.16434521484375,-0.10861118136644363,-0.018633973321318626,-0.012814071528799832
1782836496933275100,4.174275146484375,-0.13737550355792044,0.008403086686134337,-0.036211459859646855
1782836496943204000,4.1842041015625,-0.17810381978750228,0.04616963050067425,0.03728212129846215
1782836496953133000,4.194133056640625,-0.08762333839535713,0.023472061002254484,0.0766846322843805
1782836496963062300,4.204062255859375,-0.03290273717045784,-0.005437222617864609,0.025002156646363436
1782836496972991200,4.2139912109375,-0.0915846432417631,0.03968319109082222,0.005454466013610363
1782836496982920200,4.223920166015625,-0.08028934224545956,0.0816682293832302,0.018046236561238764
1782836496992849200,4.23384912109375,-0.06429974595308303,0.045379356905817986,-0.008419398500118405
1782836497002778400,4.2437783203125,-0.06731763246953487,0.004433598533272743,-0.04837406347608193
1782836497012708000,4.2537080078125,-0.0007709843724966049,-0.002285480588674545,-0.06094126583803445
1782836497022637000,4.263636962890625,0.04763385783433914,0.012668342915177344,-0.10053696130849421
1782836497032566300,4.273566162109375,-0.026078444108366964,0.06134966397583484,-0.11834637517286464
1782836497042495200,4.2834951171875,-0.015084171885251999,0.08664718683958053,-0.062260385612584644
1782836497052424200,4.293424072265625,0.06291501359641552,0.026539047357439994,-0.0653472091794014
1782836497062353200,4.303353271484375,0.01156885724067688,-0.03876256911456585,-0.0656341363620013
1782836497072282400,4.313282470703125,-0.11823650332391261,-0.038945524466037745,0.003756247260980308
1782836497082211300,4.32321142578125,-0.17444588180184364,-0.08803075015246868,0.007953772016055882
1782836497092141000,4.33314111328125,-0.15505787524282932,-0.13622808708846568,0.014491357091255486
1782836497102070000,4.343070068359375,-0.13012392499446868,-0.08954407732486724,-0.028300357941538092
1782836497111999200,4.352999267578125,-0.1330161393046379,-0.04537994142770767,-0.035350532181374725
1782836497121928200,4.36292822265625,-0.2055389392018318,-0.06608078415095806,-0.07402830908931791
1782836497131857200,4.372857177734375,-0.17431553342044354,-0.04209960458278656,-0.07326791917607188
1782836497141786000,4.3827861328125,-0.13671850095391272,-0.018595979398488997,-0.04251271542832255
1782836497151715300,4.39271533203125,-0.07938684044778346,-0.03221300134062767,-0.08762279040608555
1782836497161644300,4.402644287109375,-0.06594459055066108,-0.014641688814759253,-0.08789408162813633
1782836497171574000,4.412573974609375,-0.056851768034696576,0.06898527342081069,-0.048355888498574494
1782836497181503200,4.422503173828125,0.006532032117247581,0.06352174731791019,-0.06903020854108036
1782836497191432200,4.43243212890625,-0.055042672786116596,-0.04085048130452633,-0.0984569766966626
1782836497201361200,4.442361083984375,-0.11113573140799998,-0.039411972934007646,-0.038444735337048765
1782836497211290000,4.4522900390625,-0.08465279815196991,0.0630640666782856,0.031262239954434334
1782836497221219300,4.46221923828125,-0.10115911179482936,0.04719605093896389,0.006761383893713354
1782836497231148300,4.472148193359375,-0.09465630577206612,-0.002744330272078514,-0.014521459968574344
1782836497241077200,4.4820771484375,-0.043296120890974996,-0.007146949145197868,-0.008339666061103344
1782836497251007200,4.49200732421875,-0.03340191886425018,-0.023604747471213338,-0.034352753315679725
1782836497260936200,4.501936279296875,-0.09320026174485684,-0.028125439766049382,-0.06212813753504306
1782836497270865200,4.511865234375,0.02976560818850994,-0.011619710645079611,-0.030344394457153975
1782836497280794000,4.521794189453125,0.08947802635133266,-0.002564297530055046,-0.04585961470343172
1782836497290723000,4.53172314453125,-0.022090835776925086,0.0052069209933280946,-0.08766995401605963
1782836497300652300,4.54165234375,-0.11838672544956207,-0.00825403360426426,-0.028701120762154458
1782836497310581200,4.551581298828125,-0.18521219048798082,-0.030520810469985008,-0.016997494693286715
1782836497320510200,4.56151025390625,-0.22574936805963514,-0.062197805237770076,-0.022767018005438146
1782836497330440200,4.571440185546875,-0.09623919104933738,-0.07080956623852253,-0.02753565717935562
1782836497340369200,4.581369140625,-0.005680383723974228,-0.06393675785958766,-0.03158654000535607
1782836497350298000,4.591298095703125,-0.06286591375768184,-0.02023497877717018,-0.03850797329898924
1782836497360227000,4.60122705078125,-0.19318799167275427,0.05023498024344444,-0.018415033341012892
1782836497370156300,4.61115625,-0.13195114042162895,0.04783551788628101,-0.0073239862125366925
1782836497380088800,4.6210888671875,-0.021565350598096847,-0.027093174108862875,-0.034274500447697934
1782836497390018000,4.63101806640625,-0.06758885062634945,-0.057656654676795004,0.003958455302193761
1782836497399947800,4.64094775390625,-0.12765899618566035,-0.02358604277074337,0.014752930636890232
1782836497409876700,4.650876708984375,-0.07135843229293823,-0.013190320962667465,0.018524192803911863
1782836497419806000,4.660805908203125,-0.056340311381220816,-0.029251813447475433,-0.045962234827689824
1782836497429735000,4.67073486328125,-0.07433364871144295,-0.028003859212994572,-0.06882076704148203
1782836497439663900,4.680663818359375,-0.03256137638688087,-0.011874562188982963,-0.05682891688207164
1782836497449592800,4.6905927734375,0.07970832748711108,0.022197218760848045,-0.10402694058241323
1782836497459522000,4.70052197265625,0.02589607327878475,0.006253799697756767,-0.18833390270508824
1782836497469451000,4.710450927734375,0.03941957171857357,-0.012307108387351036,-0.13794924832526595
1782836497479380700,4.720380615234375,-0.04158113366663456,-0.04112871372401714,-0.047914209145680065
1782836497489310000,4.73031005859375,-0.14415420391261577,-0.06424713898301124,0.030878866660036145
1782836497499239000,4.740239013671875,-0.159441204893589,-0.0501408722192049,0.04761343610081822
1782836497509167900,4.75016796875,-0.17384908495247364,-0.03198562232553959,0.01123421845883131
1782836497519096800,4.760096923828125,-0.18234511061906813,-0.032737317475676535,-0.002590126091055572
1782836497529025800,4.77002587890625,-0.13627309527397155,-0.03928922333717346,-0.012656396749056874
1782836497538955000,4.779955078125,-0.15322247650921345,-0.018999884024262427,-0.018819485956057903
1782836497548884000,4.789884033203125,-0.08160042484402656,-0.011127543213963509,-0.023763956620916724
1782836497558813700,4.799813720703125,-0.03065758859217167,-0.002898059529066086,-0.022705350946076213
1782836497568743000,4.809742919921875,-0.06528934151232242,0.029386838003993034,-0.018104907945916057
1782836497578671900,4.819671875,-0.07615501891970634,0.06118482880294323,0.011113149362429976
1782836497588600800,4.829600830078125,-0.08361351823210715,0.04528174175024032,-0.011619637579843401
1782836497598529800,4.83952978515625,-0.09757540808916092,0.02161269687116146,-0.012717406221292912
1782836497608459000,4.849458984375,-0.05058043268024921,0.022369652718305585,-0.017874752451851963
1782836497618388000,4.859387939453125,-0.0385597400188446,0.010527823755145072,-0.011877630928903817
1782836497628318000,4.86931787109375,-0.0029430677145719526,-0.020803718575835226,-0.03242978589646518
1782836497638247000,4.879246826171875,-0.005381108516454697,-0.0259504338145256,-0.06432508132373914
1782836497648175900,4.88917578125,0.0026800328642129895,-0.01137538049519062,-0.05678889539893716
1782836497658104800,4.899104736328125,0.05022913502454757,0.005409750089049339,-0.0655768166841939
1782836497668033800,4.90903369140625,-0.0907657280743122,-0.04401625185906887,-0.07815828503351659
1782836497677963000,4.918962890625,-0.10319850866794586,-0.06335340501368046,-0.004835201604105532
1782836497687892000,4.92889208984375,-0.07521452319920062,-0.04914017074406147,0.021922676135785878
1782836497697821000,4.938821044921875,-0.07315759066939354,-0.01930383540689945,0.019342085058055816
1782836497707751000,4.9487509765625,-0.06431377447843552,0.0008808744877576828,0.0048012628018856045
1782836497717679900,4.958679931640625,-0.03256312995254993,-0.008873626807332039,0.002710245339386165
1782836497727608800,4.96860888671875,-0.08315057689547538,-0.06682429599463939,-0.023053324133530256
1782836497737537800,4.978537841796875,-0.05935059911310672,-0.05893208144009113,-0.03920030294470489
1782836497747466800,4.988466796875,-0.03928454716205597,-0.03228314396739006,-0.053059316949173804
1782836497757396000,4.99839599609375,-0.12255904269814491,-0.010323825615644454,-0.06664629081292077
1782836497767325000,5.008324951171875,-0.14347440495491026,0.04013093485832214,-0.025123846797272562
1782836497777254000,5.01825390625,-0.09103577718734741,0.04287877226173877,-0.009643478668667375
1782836497787184000,5.02818408203125,-0.06675356884598732,-0.031611528316140176,-0.058430123267322776
1782836497797112800,5.03811279296875,-0.053659693995118135,-0.07074643787443638,-0.09962395638311282
1782836497807041800,5.048041748046875,-0.10137830750346183,-0.03037643356323242,-0.07661262649409473
1782836497816970800,5.057970703125,-0.12383973015844821,-0.015375848308205604,-0.035913883418869225
1782836497826900000,5.06789990234375,-0.11131751771569251,-0.0077495912134647365,-0.024120697636716065
1782836497836829000,5.077828857421875,-0.08804419415593147,0.016955226454138755,-0.0016949308170005678
1782836497846758000,5.0877578125,-0.0908224266976118,0.01849953328669071,0.03454416596824303
1782836497856688000,5.097688232421875,-0.1332645611077547,0.030945757883787152,0.005949629119411111
1782836497866617000,5.1076171875,-0.13623743943870067,0.021744214296340943,-0.02400941928196698
1782836497876545800,5.1175458984375,-0.10365209765434265,-0.029973113459348676,-0.05567921712398529
1782836497886474800,5.127474853515625,-0.05438274757266044,-0.05769347955584526,-0.055467894194554536
1782836497896404000,5.137404052734375,-0.04047171112000942,-0.05580605837404728,0.003627177521213889
1782836497906333000,5.1473330078125,-0.014742226579785345,-0.008239420557022094,0.006602412206027656
1782836497916262000,5.157261962890625,-0.0015969138026237486,0.009719429981708527,-0.02504058896061033
1782836497926190800,5.16719091796875,-0.08044599411189556,0.0010766893208026885,-0.043427820979245
1782836497936121000,5.17712109375,-0.08157061422765255,0.022243395990133284,-0.012513846473209559
1782836497946050000,5.187050048828125,-0.029334815555810925,0.008997545447945595,-0.046833830030448734
1782836497955978800,5.196978759765625,-0.06483809061348438,-0.0584019200861454,-0.05216567431138828
1782836497965907700,5.20690771484375,-0.072300681579113,-0.09280629399120807,-0.006171601307019591
1782836497975837000,5.2168369140625,-0.046207039901614184,-0.06429390073418617,0.011858670500107108
1782836497985766000,5.226765869140625,-0.08215455159544945,-0.038088615375757216,0.000962871949095279
1782836497995694800,5.23669482421875,-0.1301665950924158,0.009682605102658271,0.007603131947480142
1782836498005625000,5.246625,-0.08319266247153281,0.03966448639035225,0.045992867427971214
1782836498015554000,5.256553955078125,-0.10966741242110728,-0.006544307076930999,-0.011524451843369752
1782836498025483000,5.26648291015625,-0.20392916591763496,-0.08104162191748619,-0.05481107425363734
1782836498035411700,5.27641162109375,-0.10683306577801704,-0.09678221188485622,-0.05585946906171739
1782836498045341000,5.2863408203125,0.034790158352255816,-0.03766775961518287,-0.07332419767426326
1782836498055270000,5.296269775390625,0.03866203134953976,0.059873161682486534,-0.06775074492348358
1782836498065198800,5.30619873046875,0.010803133565187454,0.09751461781263351,-0.06725139883290976
1782836498075127800,5.3161279296875,-0.003745616269111633,0.06161620595753192,-0.07146587472278625
1782836498085055700,5.3260556640625,-0.05902092876732349,-0.03159165457189083,-0.08487159200180322
1782836498094986000,5.335986083984375,-0.18216975405216215,-0.08151333108246325,-0.06380085652023554
1782836498104915000,5.3459150390625,-0.16548983740806578,-0.04806114333570003,0.0019822598583996293
1782836498114844000,5.355843994140625,-0.11090601430535316,-0.005965630406141281,0.038204368976224215
1782836498124773000,5.365773193359375,-0.09150047208964825,-0.023745617246627805,0.01722008793540299
1782836498134702000,5.3757021484375,-0.09230302064418792,-0.010405658680200576,0.014233144546486436
1782836498144630800,5.385630859375,-0.11951602174043655,-0.006311667364835739,-0.0143537387188524
1782836498154559700,5.395559814453125,-0.10781097089946269,-0.0018108488142490385,-0.03126896195616573
1782836498164488700,5.40548876953125,-0.06789923174977303,0.03131634476184845,-0.040424766705743964
1782836498174419000,5.4154189453125,-0.05221007970869541,0.07814531595408916,-0.04536488998904824
1782836498184348000,5.425347900390625,-0.14294365907907486,0.052392450538277624,-0.020960754034761338
1782836498194276900,5.43527685546875,-0.12281973946094513,-0.008279168045520782,0.025526911172829566
1782836498204206000,5.4452060546875,-0.08467851711511612,-0.03048749272227287,-0.0021961948700249196
1782836498214135000,5.455135009765625,-0.05369710339605808,0.025017536878585815,-0.00638012949116528
1782836498224064000,5.46506396484375,-0.08527648300826549,0.08685586115419865,0.00011933379704132676
1782836498233992700,5.47499267578125,-0.06358721376955509,0.07086801842749119,-0.050734308067709205
1782836498243923000,5.4849228515625,-0.03429097665846348,0.010099369210004806,-0.0795646081674844
1782836498253852000,5.494851806640625,-0.04640928447544575,-0.007963526225090027,-0.06648594915205612
1782836498263780900,5.50478076171875,-0.040272389155626295,-0.03749707922339439,-0.06575259337620809
1782836498273710000,5.5147099609375,-0.05332651651799678,-0.061139236095547674,-0.09378587961308657
1782836498283639000,5.52463916015625,-0.06052899524271488,-0.017826164069771767,-0.0826196666228585
1782836498293568000,5.534568115234375,-0.04026362132728099,0.028308395117521284,-0.02976630230825394
1782836498303497000,5.5444970703125,-0.03657821081280708,-0.005513210463523864,-0.031672282060049475
1782836498313426000,5.554426025390625,-0.06574819119572639,-0.06615969460606574,-0.06212830193182453
1782836498323356000,5.56435595703125,-0.07533376566469668,-0.10031623122990131,-0.020541414377838373
1782836498333284900,5.574284912109375,-0.10702128182649612,-0.12002981648147105,0.029930845220200716
1782836498343213800,5.5842138671875,-0.10209259325265883,-0.10501637174487113,-0.006678436584305018
1782836498353143000,5.59414306640625,-0.12139467509388922,-0.048021395847201345,-0.029854291118960825
1782836498363072000,5.604072021484375,-0.06975567327141761,0.002257423537969589,-0.029278792785946278
1782836498373001000,5.6140009765625,-0.12151450208127498,-0.034088732084631916,-0.05944724615430459
1782836498382929000,5.623928955078125,-0.17101181569993495,-0.07216039632558822,-0.02128481662366539
1782836498392858600,5.633858642578125,-0.05375380201935768,-0.05210720385611057,-0.02169821973014623
1782836498402787600,5.64378759765625,0.006672317370772361,-0.005838789156079292,-0.07405735252071172
1782836498412716800,5.653716796875,0.022131752309203147,0.038033670318126676,-0.06721428169291466
1782836498422645800,5.663645751953125,-0.0661006578952074,0.07580489030778408,-0.052939398630242794
1782836498432574700,5.67357470703125,-0.12087152800261973,0.06896364611089228,-0.02876835904577747
1782836498442503700,5.683503662109375,-0.09759177470207214,0.0013134206861257552,-0.025814349812082946
1782836498452433000,5.693432861328125,-0.13168518296182155,-0.054849196040630335,-0.004510243966057897
1782836498462361900,5.70336181640625,-0.12042904493212699,-0.02651566648185253,0.06174491037111729
1782836498472291600,5.71329150390625,-0.06357260072231292,0.017492402070760724,0.03115872478103265
1782836498482220800,5.723220703125,-0.06524784045815467,0.01207680676281452,-0.03364040379524231
1782836498492149800,5.733149658203125,-0.049801265001296995,-0.02162497183084488,-0.03471112003298476
1782836498502078700,5.74307861328125,0.011209960800409317,-0.07733399957120418,-0.04741409587012604
1782836498512007700,5.753007568359375,0.011833645656704903,-0.13413432967960834,-0.08140724035948514
1782836498521937000,5.76293701171875,-0.049286301216483114,-0.0949181715786457,-0.10051745289042592
1782836498531865900,5.772865966796875,-0.08759586586654186,-0.008542202895879744,-0.05470677362894639
1782836498541795800,5.7827958984375,-0.11017477742135524,-0.00656301177740097,-0.01519908523550257
1782836498551724800,5.792724853515625,-0.07992635415196418,-0.044666824722290034,0.023335155015904455
1782836498561653800,5.80265380859375,-0.04373918848335743,-0.06875614084005355,0.02138438627431169
1782836498571582700,5.812582763671875,-0.03452887706756592,-0.10397826086878775,0.001135324172861874
1782836498581511700,5.82251171875,-0.09822890356183052,-0.12476152117848395,0.01948185885492712
1782836498591440600,5.832440673828125,-0.11619710645079612,-0.07692015807330609,0.024699228177033364
1782836498601369900,5.842369873046875,-0.1328986504048109,-0.031210546299815175,0.006647219462133943
1782836498611298800,5.852298828125,-0.09215396756231785,-0.00454699577987194,0.01074652627343312
1782836498621228800,5.862228759765625,-0.04361117818951606,0.01289338384270668,-0.02032873974153772
1782836498631157800,5.87215771484375,-0.04220832565426826,0.026031682357192037,-0.045668512578122315
1782836498641086700,5.882086669921875,-0.030822423765063285,0.026536709269881248,-0.04225421062260866
1782836498651015700,5.892015625,0.030856910556554793,-0.0075075991511344906,-0.03489224875355139
1782836498660944600,5.901944580078125,0.03515548453330993,-0.00566284806728363,-0.051377921467181294
1782836498670873900,5.911873779296875,-0.01958615947961807,0.020830022060871124,-0.06396271428475156
1782836498680802800,5.921802734375,-0.06994388931989669,0.007077975562214851,-0.04521684155417606
1782836498690733600,5.931733642578125,-0.06133797353804111,-0.017262100446224213,-0.025593181342072783
1782836498700662800,5.941662841796875,-0.09602993221282959,-0.02270925993621349,-0.020092373702395708
1782836498710591700,5.951591796875,-0.06971651030480862,0.0029950901627540587,0.0176107129544951
1782836498720520700,5.961520751953125,-0.03947217868864536,-0.026624387553334235,0.016847162969782947
1782836498730449700,5.97144970703125,-0.0998024364888668,-0.0815904879719019,-0.02907276708614081
1782836498740379000,5.98137890625,-0.17658990809321404,-0.10923428170084952,-0.02173287091841921
1782836498750308900,5.991308837890625,-0.17508885588049888,-0.10272796854674815,-0.0182615050134249
1782836498760237600,6.001237548828125,-0.11556056211292744,-0.08248889811635017,-0.025769926148466765
1782836498770166800,6.011166748046875,-0.0436795672506094,-0.03830488847494125,-0.004641487396601587
1782836498780095700,6.021095703125,-0.0618482611477375,0.01993862617909908,-0.007504932270012796
1782836498790024700,6.031024658203125,-0.09943068056702613,0.04158522531986236,-0.0014737440806813537
1782836498799953700,6.04095361328125,-0.08610475052595139,-0.00808101512491703,0.009762702867854385
1782836498809883000,6.0508828125,-0.05084522109627723,-0.03989712610244751,0.013263367932569235
1782836498819811800,6.060811767578125,0.033704116681218144,-0.02667290287017822,-0.0037329211843200026
1782836498829741800,6.070741943359375,0.030478724893927573,0.00010346037447452545,-0.039462479278538375
1782836498839670800,6.0806708984375,-0.10593465563356876,0.0037520460098981853,-0.03462269283086061
1782836498849599700,6.090599853515625,-0.07192424948215484,0.055147886726260184,-0.021286570189334452
1782836498859528700,6.10052880859375,-0.005223287606239318,0.06494038194417953,-0.06363940061451867
1782836498869457700,6.110457763671875,-0.008729834422469138,0.011859364619851112,-0.10809271045029163
1782836498879387000,6.120386962890625,-0.11494330699741839,0.01459434254169464,-0.08871502435589208
1782836498889315800,6.13031591796875,-0.12091361357867716,0.02301964105963707,-0.039419772647973146
1782836498899245800,6.140245849609375,-0.0673556263923645,-0.04609714978635311,-0.04757513165073469
1782836498909174800,6.1501748046875,-0.053095045849680896,-0.12219663912653922,-0.05198887470606714
1782836498919103700,6.160103759765625,-0.05162263520956039,-0.10757833118736743,-0.012193912070151417
1782836498929032700,6.17003271484375,-0.06285714592933654,-0.06650222443342209,0.0013391213829629122
1782836498938961700,6.179961669921875,-0.06916589068472385,-0.02627250537574291,-0.0108301129036583
1782836498948890600,6.189890625,-0.13069909453392028,0.022777064475417136,0.0034225765935145314
1782836498958819800,6.19981982421875,-0.14367255787551403,0.0417751949340105,0.014268014930468052
1782836498968749800,6.209749755859375,-0.09441372918784618,-0.009748656076192855,-0.039316969860624516
1782836498978678800,6.2196787109375,-0.08037818957269191,-0.09532850594520569,-0.09183301024595275
1782836498988608000,6.22960791015625,-0.053874213528633114,-0.07638064436912537,-0.07173236190555617
1782836498998536700,6.23953662109375,-0.039250644892454147,-0.04124737166762352,-0.06703980190884322
1782836499008465700,6.249465576171875,-0.03014554741680622,-0.013353987091779708,-0.07952124394979328
1782836499018394600,6.25939453125,0.0040308629512786865,0.05000935479402542,-0.05178283073995262
1782836499028323800,6.26932373046875,-0.06253332080245018,0.08959902238249778,-0.02469365695277229
1782836499038252800,6.279252685546875,-0.11704933936595915,0.07704641480147838,0.005360924244951456
1782836499048182800,6.289182861328125,-0.12140753457546233,0.00647241088449955,-0.0015545359656214714
1782836499058111700,6.29911181640625,-0.07882102325856685,-0.04077507798075676,-0.029116916755121198
1782836499068041000,6.309041015625,-0.05663549493551254,-0.07125438739657401,-0.07116332984594628
1782836499077969700,6.3189697265625,-0.07932254303991794,-0.0474351203918457,-0.09510934676919132
1782836499087898600,6.328898681640625,-0.08632862240970134,0.043325346985459326,-0.06242131179533898
1782836499097827600,6.33882763671875,-0.03493336621522903,0.0961643722474575,-0.013192512919753789
1782836499107756800,6.3487568359375,-0.016669395250082014,0.05554068543612957,-0.013442670022230594
1782836499117686800,6.358686767578125,-0.06653086600601672,-0.038357495445013046,-0.005549980543646961
1782836499127615700,6.36861572265625,-0.13495324484705923,-0.06701485013067722,0.036183092281688
1782836499137545000,6.378544921875,-0.11579729347825049,-0.05641279209554195,0.03117465300252661
1782836499147474000,6.388473876953125,-0.10949088681042193,-0.0782306561499834,-0.047653877709060904
1782836499157403000,6.39840283203125,-0.12373276265263557,-0.0638350510507822,-0.047312352528702466
1782836499167331600,6.40833154296875,-0.09448854798972606,-0.0030792613148689267,0.005743804349005222
1782836499177260800,6.4182607421875,-0.022351532539725303,0.015006430473923683,-0.01386403723945841
1782836499187190800,6.428190673828125,-0.06708207014799118,-0.009005728754401206,-0.020018632612749932
1782836499197119700,6.43811962890625,-0.12060030984580516,-0.007643208229541778,0.052875850141048425
1782836499207049000,6.448049072265625,-0.05834346789717674,-0.029584990924596783,0.05958515678765252
1782836499216978000,6.45797802734375,0.022054595419764518,-0.07070084516704082,-0.044176630052551624
1782836499226907000,6.467906982421875,-0.013565584015846252,-0.06292378142476081,-0.09674177027661353
1782836499236835800,6.4778359375,-0.08277765192985534,-0.01433773743212223,-0.04241338323969394
1782836499246764800,6.487764892578125,-0.03709901981651783,0.019909400084614753,-0.06231969631807878
1782836499256693800,6.49769384765625,-0.04450082050561904,0.011648352217674254,-0.16375872103283182
1782836499266623700,6.507623779296875,-0.0862561416953802,-0.019281039053201676,-0.12919559463579208
1782836499276552700,6.517552734375,-0.08579553844630718,-0.05378127454817295,-0.08416274961270391
1782836499286482000,6.52748193359375,-0.05419979222118854,-0.08029284937679768,-0.06408056851075962
1782836499296411000,6.537410888671875,-0.05164718512892723,-0.08286591473519801,-0.029830654515046625
1782836499306339800,6.54733984375,-0.134907067617774,-0.0806184280693531,0.0333807847446762
1782836499316268800,6.557268798828125,-0.14932780715823174,-0.015858078867197034,0.043873135327640915
1782836499326197800,6.56719775390625,-0.048397243422269816,0.002329319730401039,0.007181015811581164
1782836499336127700,6.577127685546875,-0.016030512824654577,-0.0191056824862957,-0.07021163687799126
1782836499346056700,6.587056640625,-0.15985446186959743,-0.048511225190758706,-0.08020345406029374
1782836499355986000,6.59698583984375,-0.25554303329885003,-0.0377449165046215,0.012009440615028143
1782836499365915000,6.606914794921875,-0.15936521704792975,-0.016859364864230154,0.08991778774177656
1782836499375843800,6.61684375,-0.04631283836364746,0.018832710763812065,0.014768475265894084
1782836499385769700,6.626769775390625,-0.04034428534805774,0.05704992095530033,-0.036945454956311734
1782836499395699000,6.636698974609375,-0.055803135764598846,0.08412906653881072,-0.014431480130180715
1782836499405628000,6.6466279296875,-0.06472469336688517,0.07542728916704654,-0.04043813764397055
1782836499415558000,6.656557861328125,-0.07601005749106407,-0.03282850289046764,-0.06795572944367304
1782836499425486800,6.66648681640625,-0.08701777371764183,-0.08650631706416606,-0.043238527218531816
1782836499435416000,6.676416015625,-0.005941665008664131,-0.06117606097459793,-0.013339739370718598
1782836499445345000,6.686344970703125,0.01579261241555214,-0.005132686713337898,-0.0297103160710074
1782836499455274000,6.69627392578125,-0.03204524355828762,0.030177111598849296,-0.027576281450688838
1782836499465202700,6.70620263671875,-0.06829787567853927,0.018481413108110425,-0.02418713220274076
1782836499475132000,6.7161318359375,-0.09964636914432048,-0.06421031410396098,-0.0743579977014102
1782836499485062000,6.726061767578125,-0.08544073365926742,-0.11119301455318926,-0.07650374102583155
1782836499494990800,6.735990966796875,-0.04104980326890945,-0.06856149505078792,-0.06202643072623759
1782836499504920000,6.745920166015625,-0.04805120646357536,-0.03944119902849197,-0.026185046287998556
1782836499514849000,6.75584912109375,-0.015744681620597837,-0.03460954108834267,0.01855319970268756
1782836499524778000,6.765778076171875,-0.024496727874875068,-0.04751695345640182,-0.016603563472256062
1782836499534707000,6.77570703125,-0.12913199134767056,-0.06837269448041916,-0.002976769054774195
1782836499544636000,6.785635986328125,-0.18191724059581754,-0.061361354413628576,0.038959699121862645
1782836499554566000,6.79556591796875,-0.1385971543073654,-0.03391922073662281,0.026258093257900326
1782836499564494800,6.805494873046875,-0.0659656333386898,0.0124655138194561,-0.03665843644216656
1782836499574424000,6.815424072265625,-0.072300681579113,0.030523148557543754,-0.01943560856040567
1782836499584353000,6.82535302734375,-0.09106851041316985,0.02871171522140503,-0.0030954817973077296
1782836499594282000,6.835281982421875,-0.08828092552125454,0.023511223968863487,-0.0278781322077848
1782836499604211000,6.8452109375,-0.03835866448879242,0.060224459338188166,-0.05580359242232516
1782836499614140000,6.855139892578125,-0.04144377102255821,0.07240297290980816,-0.07800470190700143
1782836499624068900,6.86506884765625,-0.11885025130808352,0.05667699598968029,-0.07995636569773777
1782836499633998800,6.874998779296875,-0.16174948183596133,0.02737842079102993,-0.022837142365891485
1782836499643927800,6.884927734375,-0.14386369653344153,-0.008082184168696403,0.019236268329713493
1782836499653857000,6.89485693359375,-0.07744330516457557,-0.02590308754146099,0.0012362820629961788
1782836499663786000,6.904785888671875,-0.00032382512688636776,-0.006890344035625457,-0.007753902062401175
1782836499673715000,6.91471484375,0.01557341670691967,0.016593991926312446,-0.022795020257215946
1782836499683644000,6.924643798828125,-0.03563537700474262,-0.007585925084352493,-0.07078386554168536
1782836499693573000,6.934572998046875,-0.07876023298203945,-0.006862871506810188,-0.0519565250727348
1782836499703502800,6.9445029296875,-0.1250777475208044,-0.017367314386367797,-0.018835158449225127
1782836499713431800,6.954431884765625,-0.08618775263428688,-0.054767362976074214,-0.01178564179651439
1782836499723361000,6.964361083984375,-0.030637130326032637,-0.031335633984208106,-0.041069823143631216
1782836499733290000,6.9742900390625,-0.04600713341534138,0.022944822257757187,-0.027852029652148485
1782836499743219000,6.984218994140625,-0.05815934350192546,0.0008247603863477706,-0.013975973181333392
1782836499753148000,6.99414794921875,-0.04846563248336315,-0.014469839379191397,-0.053529656140971923
1782836499763077000,7.0040771484375,-0.09331658160090446,0.0024199206233024594,-0.038367231387738135
1782836499773006800,7.0140068359375,-0.10427402894496918,-0.0005500350981950759,0.026119342374335972
1782836499782935800,7.023935791015625,-0.0721089583992958,-0.02621288414299488,0.02405861045224592
1782836499792864800,7.03386474609375,-0.11228139431178569,-0.05861702414155006,0.03363273194544017
1782836499802794000,7.0437939453125,-0.11874795997738838,-0.055714288437366484,0.06658937299391254
1782836499812723000,7.053722900390625,-0.02759235580265522,-0.08525777830779552,0.006192899823375046
1782836499822652000,7.06365185546875,0.003892331263422966,-0.07746902412772178,-0.08229876410542056
1782836499832580900,7.073580810546875,-0.049346506971120835,0.040973815423250196,-0.07357753311451525
1782836499842510800,7.0835107421875,-0.014670330387353896,0.1008265188395977,-0.05134595542633906
1782836499852439800,7.093439697265625,0.02474573419988155,0.03913023338317871,-0.11657954816343262
1782836499862368800,7.10336865234375,-0.0013595979154109954,-0.021603344520926476,-0.12334710606960579
1782836499872298000,7.113298095703125,-0.03680091365277767,-0.04019289417862892,-0.05413255393756553
1782836499882227000,7.12322705078125,-0.07616612483561039,-0.0452870024472475,0.0007184139350429177
1782836499892156000,7.133156005859375,-0.1553939753293991,-0.04671674298942089,0.0013286913204938171
1782836499902084900,7.1430849609375,-0.13921440942287444,-0.05237549940347671,0.044834637303557245
1782836499912014000,7.15301416015625,-0.1238227790236473,-0.03495791613459587,0.05409459654735401
1782836499921943800,7.16294384765625,-0.06411854416728019,-0.008311316749453544,0.011535338563565164
1782836499931872800,7.172872802734375,-0.04965396548509597,0.02202127767205238,-0.04104068838069215
1782836499941802000,7.182802001953125,-0.10852759473621845,0.01250643035173416,-0.06129362293966114
1782836499951731000,7.19273095703125,-0.136208797866106,0.012141104170680045,-0.014518847886379808
1782836499961660000,7.202659912109375,-0.07772913636863231,-0.014758008670806884,-0.019288948365021496
1782836499971588900,7.2125888671875,-0.07085048277080058,-0.049751580640673636,-0.04146187293482944
1782836499981517800,7.222517822265625,-0.10878829149901867,-0.02142564986646175,0.022870496646221726
1782836499991447800,7.23244775390625,-0.10175707768797874,0.036032851889729496,0.04529511268846691
1782836500001376800,7.242376708984375,-0.039521278527379036,-0.0001537292569875717,-0.027505864829290655
1782836500011305700,7.2523056640625,0.002531564304232597,-0.0645323856651783,-0.08071666427943855
1782836500021235000,7.26223486328125,-0.03142565035521984,-0.05872399164736271,-0.055391394892241805
1782836500031164000,7.272163818359375,-0.05199965182840824,-0.039650457864999766,-0.007913293875195085
1782836500041092900,7.2820927734375,-0.002478372812271118,-0.06278115808367729,-0.055004130874015386
1782836500051021800,7.292021728515625,0.02016658971607685,-0.07347849318683147,-0.0859976003570482
1782836500060952000,7.3019521484375,0.010679214924573898,-0.05360124180614948,-0.04739332707673311
1782836500070880800,7.311880859375,-0.07914777099490165,-0.060521396458148954,-0.03327405470088124
1782836500080809700,7.321809814453125,-0.09119593618512153,-0.10888473761081695,-0.03973322251131758
1782836500090739000,7.331739013671875,-0.04749649519026279,-0.12327040583789348,-0.03111634694403037
1782836500100668000,7.34166796875,-0.017427520141005515,-0.08375321896374226,-0.03820667053116485
1782836500110596900,7.351596923828125,-0.023486089527606963,-0.059713002684712406,-0.05332216913644224
1782836500120525800,7.36152587890625,-0.10869710608422756,-0.044860885989665984,-0.02960296497270465
1782836500130455000,7.371455078125,-0.0663753831833601,-0.028828619599342343,-0.04850998308174312
1782836500140385000,7.381385009765625,-0.030728315740823745,0.02266717436015606,0.02403740326743573
1782836500150313700,7.391313720703125,-0.08320727551877498,0.011961655950546263,0.0011486403121612966
1782836500160242700,7.40124267578125,-0.12200433142483234,-0.05038520236909389,-0.03386011096052825
1782836500170172000,7.411171875,-0.17534312290251253,-0.05660100814402103,-0.017306889436021447
1782836500180100900,7.421100830078125,-0.13917466193437575,-0.006783961051702499,-0.011807378704287112
1782836500190029800,7.43102978515625,-0.09112520903646945,0.03422551020681858,-0.042167902312334624
1782836500199958800,7.440958740234375,-0.06504618040621281,0.030620179191231726,-0.025361089619249103
1782836500209889000,7.450888916015625,-0.07522504459321498,0.014427753803133964,-0.0068136620702221986
1782836500219818000,7.46081787109375,-0.03994271880984306,-0.0008352817803621292,-0.0504676199555397
1782836500229747000,7.470746826171875,-0.04735913254618644,-0.0026028759747743603,-0.04442479612734169
1782836500239676000,7.480676025390625,-0.034442367827892305,0.042727381092309946,-0.043933523745369164
1782836500249604900,7.49060498046875,-0.00739303286075592,0.04930266782939434,-0.08168278763154521
1782836500259533800,7.500533935546875,-0.06050035367012024,-0.013318331256508827,-0.10381457647336646
1782836500269462800,7.510462890625,-0.08113631446361541,-0.07086509581804275,-0.05445983139686286
1782836500279393000,7.52039306640625,-0.07562719565331935,-0.08301789042651653,-0.02225713225454092
1782836500289322000,7.530322021484375,-0.0450561163008213,-0.09797171393036842,0.008847505985386668
1782836500299251000,7.5402509765625,-0.03159165457189083,-0.09459434645175933,0.016403401257656512
1782836500309180000,7.550179931640625,-0.03729308108389377,-0.054447629502415655,-0.0072192654627375305
1782836500319108900,7.56010888671875,-0.0328828634262085,-0.02851297777891159,-0.014488598878588527
1782836500329037800,7.570037841796875,-0.03099251963496208,-0.038648587346076964,-0.04931044927705079
1782836500338966800,7.579966796875,-0.0893365720540285,-0.031580548655986786,-0.06655945277968421
1782836500348897000,7.58989697265625,-0.1295703827649355,-0.01654021591246128,-0.036906255457084626
1782836500358826000,7.599825927734375,-0.08196341293752193,-0.0058317748934030526,0.042499563685804605
1782836500368755000,7.6097548828125,-0.08925181638002395,-0.010959785431623459,0.06426896722232922
1782836500378684000,7.619683837890625,-0.11172960564792156,-0.004678513205051422,0.0662181467950344
1782836500388612400,7.6296123046875,-0.08030980051159858,-0.01726619209945202,0.036607053314801304
1782836500398541300,7.639541259765625,-0.08119009047746657,-0.02294891391098499,-0.013677045033685862
1782836500408470300,7.64947021484375,-0.02773965531885624,-0.011778700599074363,-0.04881784345451742
1782836500418400300,7.659400146484375,-0.03209960409402847,-0.020967969226837156,-0.07188892244044691
1782836500428329200,7.6693291015625,-0.06879705737233162,-0.013917466193437575,-0.059338397218659515
1782836500438258200,7.679258056640625,-0.04494505714178085,-0.007434533914923667,-0.07454340073829516
1782836500448187400,7.6891875,-0.047099020305275914,-0.02040098299384117,-0.0803062385813333
1782836500458116400,7.699116455078125,-0.07408055073320866,-0.04371463856399059,-0.06304229323789477
1782836500468045300,7.70904541015625,-0.12266016498506069,-0.0509732313901186,-0.05801268330654129
1782836500477974300,7.718974365234375,-0.12621698068380355,-0.073973583227396,-0.030544556671753525
1782836500487903200,7.7289033203125,-0.09509878884255886,-0.09344283832907677,-0.001670216500852257
1782836500497833200,7.738833251953125,-0.0880605607688427,-0.06472703145444393,0.006711955261416733
1782836500507762200,7.74876220703125,-0.07117372337579726,-0.049638767915964124,0.01189357741670683
1782836500517691400,7.75869140625,-0.06861176393330097,-0.062441550865769385,-0.0024202494168654083
1782836500527620400,7.768620361328125,-0.1253518882870674,-0.029103929409384725,-0.004756802605651319
1782836500537549300,7.77854931640625,-0.12958031963706015,0.019452303966879844,0.018494966709427536
1782836500547478300,7.788478271484375,-0.09136837014257908,0.03494564117491245,0.007453512610029429
1782836500557407500,7.798407470703125,-0.08090776640474796,0.041518589824438096,-0.008879033634811639
1782836500567337200,7.808337158203125,-0.037787002080678936,0.019590835654735565,-0.006451642091106623
1782836500577266200,7.81826611328125,-0.026054478710889815,-0.01511632058918476,-0.05856976920003071
1782836500587195400,7.8281953125,-0.06979249815046787,-0.0024409634113311766,-0.028483934347517788
1782836500597124400,7.838124267578125,-0.03793956229388713,0.05726385596692562,0.036032559628784655
1782836500607053300,7.84805322265625,-0.014925181931257248,0.056418637314438816,-0.018488628300186244
1782836500616982300,7.857982177734375,-0.019689619854092597,0.031683424508571624,-0.0400662173253484
1782836500626911500,7.867911376953125,-0.005842880809307098,0.03161795805692673,-0.012980240142252296
1782836500636841200,7.87784130859375,-0.0348562093257904,0.0014390928924083708,-0.03962320453189313
1782836500646770200,7.887770263671875,-0.07450082197189331,-0.016684592819213865,-0.057022832018975164
1782836500656699100,7.89769921875,-0.09882277780175208,-0.017167992421984673,-0.03993665439523756
1782836500666628400,7.90762841796875,-0.11343874765336513,-0.03455518055260181,-0.04238629430336877
1782836500676557300,7.917557373046875,-0.0884434226065874,-0.07497370018064975,-0.0359788566801697
1782836500686486300,7.927486328125,-0.06936988882422447,-0.09339081588089465,-0.015297504108678549
1782836500696415200,7.937415283203125,-0.08661912978887558,-0.056338557815551756,-0.008646448721643538
1782836500706344400,7.947344482421875,-0.12850538388192653,-0.028342881909012792,-0.003979899949021638
1782836500716274200,7.957274169921875,-0.11525894881784915,-0.032519875332713125,-0.019503997621499
1782836500726203100,7.967203125,-0.10043781178295612,-0.04656885895133018,-0.03172693485673517
1782836500736132400,7.97713232421875,-0.11282441514730453,-0.046858197286725044,-0.02996887567564845
1782836500746061300,7.987061279296875,-0.1198842705309391,-0.042166824600100516,-0.0624102972109802
1782836500755990300,7.996990234375,-0.12370353655815124,-0.04876256960332393,-0.07765113922897726
1782836500765919200,8.006919189453125,-0.10823124213814735,0.007077975562214851,-0.019219956515729428
1782836500775848400,8.016848388671875,-0.06933072585761546,0.07025953114032744,0.015619009414315222
1782836500785778200,8.026778076171874,-0.04514087197482586,0.03534077797234058,-0.03875668736305088
1782836500795707100,8.03670703125,-0.06809913823604584,-0.013092121285200119,-0.04124589209659025
1782836500805636000,8.046635986328125,-0.10214461570084095,-0.01598258202970028,-0.005242814290616661
1782836500815565300,8.0565654296875,-0.04775660743117332,-0.03863689690828323,-0.016450528335012496
1782836500825494300,8.066494384765624,-0.003407762616872787,-0.055955111455917354,-0.05401674553817138
1782836500835423200,8.07642333984375,0.0035194062978029248,0.0004664484679698944,-0.07810091055678203
1782836500845352200,8.086352294921875,0.008844400712847708,0.043401919353008266,-0.0694217834082432
1782836500855282400,8.096282470703125,-0.051266076856851577,0.01868482672572136,-0.06011758316392079
1782836500865211100,8.106211181640624,-0.07490063494443892,-0.014302081596851347,-0.010404215641785413
1782836500875140000,8.11614013671875,-0.05406126053333282,-0.03291092047691345,-0.019295670366752893
1782836500885069300,8.1260693359375,-0.09917056832611561,-0.05596504832804203,-0.04886624917350709
1782836500894998300,8.135998291015625,-0.07768003652989863,-0.055064884617924685,-0.03021165318926796
1782836500904927200,8.14592724609375,-0.05348199934065342,-0.07559387790560722,-0.030908549412246793
1782836500914856200,8.155856201171876,-0.05732756885290145,-0.06060556761026382,-0.04502489917865023
1782836500924786400,8.165786376953125,-0.10671557687819004,-0.008156418448686599,-0.03379024232840165
1782836500934715400,8.17571533203125,-0.11956219896972178,0.03531739709675312,-0.05181096085589379
1782836500944644000,8.18564404296875,-0.08780044852793216,0.040400399449467654,-0.03696744759241119
1782836500954573300,8.1955732421875,-0.07408931856155396,0.01920855833888054,0.0030453042463399467
1782836500964502300,8.205502197265625,-0.11021803204119204,-0.012781740161776542,0.028320688343513756
1782836500974431200,8.21543115234375,-0.06101297936737537,-0.03689326811134815,0.031987047097645695
1782836500984360200,8.225360107421874,-0.018928572353720665,-0.046694531157612795,0.015525595509819686
1782836500994290400,8.23529052734375,-0.04281330581009388,-0.06768295865058899,-0.02252055069738999
1782836501004219400,8.245219482421875,-0.09104980571269988,-0.04155132305026054,-0.0468697233277373
1782836501014148400,8.2551484375,-0.08334814529418945,0.005265957704186439,-0.07707582355905324
1782836501024077000,8.2650771484375,-0.006200023683905601,0.029193945780396458,-0.0738078164727427
1782836501034006300,8.27500634765625,0.010590952119231223,0.008832125753164291,-0.06462589090121909
1782836501043935200,8.284935302734375,-0.04263853376507759,-0.029350597646832465,-0.06428155270926654
1782836501053864200,8.2948642578125,-0.07431962018609047,-0.07557517320513725,-0.03765058928467333
1782836501063794400,8.30479443359375,-0.08418985681533812,-0.08739946651160717,-0.01086143962368369
1782836501073723400,8.314723388671876,-0.061276598739624016,-0.06296119082570076,0.004896046679560095
1782836501083652400,8.32465234375,-0.10091595068871974,-0.048176878669857974,-0.011861428712774067
1782836501093581300,8.334581298828125,-0.11369009206593036,-0.04912088152170181,-0.00032472017602995035
1782836501103510300,8.34451025390625,-0.05769114146828651,-0.06248831261694431,0.0034533735905773934
1782836501113439200,8.354439208984376,-0.02150163771212101,-0.06367489205300808,-0.03320172011703253
1782836501123368200,8.3643681640625,-0.06790273888111115,-0.027476620468497276,-0.03495280156806111
1782836501133298400,8.37429833984375,-0.11382044044733047,0.0069219082176685326,-0.014034023511502892
1782836501143227400,8.384227294921875,-0.1750970391869545,0.0017220014870166778,-0.003500153608061373
1782836501153156400,8.39415625,-0.2077829187363386,-0.013248188629746437,0.043957708338554946
1782836501163085300,8.404085205078125,-0.10606675758063792,0.0039484453648328775,0.04063384287916123
1782836501173014500,8.4140146484375,-0.056309331721067425,0.0157855981528759,0.01338187974570319
1782836501182943200,8.423943115234374,-0.03418634724020958,0.011920739418268203,-0.008669610401522367
1782836501192872200,8.4338720703125,-0.028641572594642638,-0.014131985726952552,-0.05459673738321289
1782836501202802200,8.44380224609375,-0.007259177348017692,0.002248071187734604,-0.07497790143173187
1782836501212731400,8.4537314453125,0.018157003459334374,0.07140227143466472,-0.06769707850748673
1782836501222660400,8.463660400390625,0.02080196501016617,0.0933802944868803,-0.05149314534468576
1782836501232589300,8.47358935546875,-0.04880991587638855,0.07814473143219948,-0.019420118730328974
1782836501242518300,8.483518310546875,-0.10639058270752429,0.07138064412474632,0.002674534705188125
1782836501252447500,8.493447509765625,-0.17555471982657908,0.003208440652489662,-0.015994035005476324
1782836501262376200,8.503376220703124,-0.16916531105041502,-0.12280629545748233,-0.021456684325542298
1782836501272306200,8.51330615234375,-0.0919552301198244,-0.14574001179933546,0.001507737681828439
1782836501282235400,8.5232353515625,0.012450900772213934,-0.10243629212379456,-0.02357552137672901
1782836501292164400,8.533164306640625,0.03114800245761871,-0.06730828011929989,-0.07533482511062174
1782836501302093300,8.54309326171875,-0.017477789023518563,-0.02741583019196987,-0.054856045906525104
1782836501312022300,8.553022216796874,-0.03434299910664558,0.03860825533568859,-0.00845764815127477
1782836501321951500,8.562951416015625,-0.08853285445570945,-0.0029606033712625502,-0.03255312001518905
1782836501331880400,8.57288037109375,-0.17555413530468938,-0.10098843140304088,-0.0036872188790701326
1782836501341810200,8.58281005859375,-0.16335516346693038,-0.09418868826031684,0.015638810093328355
1782836501351739100,8.5927392578125,-0.14730886855125427,-0.05530746120214462,-0.029826270600873974
1782836501361668400,8.60266845703125,-0.13567045320570467,-0.023604162949323652,-0.052341944193746895
1782836501371597300,8.612597412109375,-0.08857377098798751,-0.010090601381659507,-0.07779621025547384
1782836501381527800,8.62252783203125,0.002190203520655632,-0.021659458622336387,-0.06532450415724889
1782836501391456800,8.632456787109374,0.005464695146679878,-0.015907178705930707,-0.03730230556996539
1782836501401385700,8.6423857421875,-0.06044833122193813,0.010910685592889786,-0.04851776452939957
1782836501411314700,8.652314697265625,-0.009791326174139976,-0.000436053329706192,-0.03685350235654041
1782836501421245000,8.662244873046875,-0.04041851962804794,0.011657120046019553,-0.01915313835721463
1782836501431174000,8.672173828125,-0.14593641115427017,0.04338613726198673,0.030009883539471774
1782836501441102800,8.682102783203124,-0.1880588120907545,0.06614332799315452,0.037547987426724286
1782836501451031800,8.69203173828125,-0.1220493396103382,-0.004441197317838669,-0.015561726269125938
1782836501460960800,8.701960693359375,-0.054018005913496016,-0.08017652952075004,-0.04565466671586037
1782836501470889700,8.7118896484375,-0.008531681501865387,-0.08862462439239024,-0.03986360742533579
1782836501480818700,8.721818603515626,-0.049180502754449844,-0.03828852186203003,-0.0399480343057774
1782836501490749000,8.7317490234375,-0.07051146007478237,-0.0030950434058904645,-0.04089928888231516
1782836501500678000,8.741677978515625,-0.04924713824987411,0.004073533049225807,-0.050586405763309444
1782836501510606800,8.75160693359375,-0.09005904110968112,0.027535072657465933,-0.030321999962255358
1782836501520535800,8.761535888671874,-0.14251988070905208,0.04415302998125553,0.024841139132063834
1782836501530464800,8.77146484375,-0.17311258737146853,-0.009324293184280396,0.027919213136844336
1782836501540393700,8.781393798828125,-0.1239922903716564,-0.07421615981161594,-0.005327496899385005
1782836501550322700,8.79132275390625,-0.03499415649175644,-0.05383972673714161,0.00956728989360854
1782836501560252700,8.801252685546874,0.005853402203321457,-0.019743980389833448,0.016357918148115276
1782836501570182000,8.811181884765626,-0.002023614782094955,-0.008294365614652632,-0.025109708674065766
1782836501580110800,8.82111083984375,-0.027467852640151978,0.003880640825629234,-0.04954692491404712
1782836501590039800,8.831039794921875,-0.044807109975814816,0.01308686058819294,-0.06799712089998647
1782836501599968800,8.84096875,-0.05513035106956959,-0.012767711636424064,-0.06490141990697011
1782836501609897700,8.850897705078125,-0.08650573254227638,-0.009831073662638664,-0.030027656658180055
1782836501619826700,8.86082666015625,-0.020055530557036398,0.007608721438050269,-0.02155813540602103
1782836501629756700,8.870756591796875,0.039187516528367994,0.010499182182550429,-0.03112275841850787
1782836501639686000,8.880685791015624,0.06781272251009941,0.01303892979323864,-0.04406248388728127
1782836501649614800,8.89061474609375,-0.00029050737917423245,-0.010772738426923752,-0.09560984363723546
1782836501659543800,8.900543701171875,-0.12006547231674193,-0.07641103950738906,-0.08887901927856728
1782836501669472800,8.91047265625,-0.20481939275562763,-0.1091395891547203,-0.01767928467867896
1782836501679402000,8.920402099609374,-0.13769757511913774,-0.052098436027765274,0.023815230150427667
1782836501689331000,8.9303310546875,-0.07527122182250022,-0.03037994069457054,-0.0016708010227419435
1782836501699260700,8.9402607421875,-0.06741583214700221,-0.03685878131985664,-0.031203367640357464
1782836501709190000,8.95018994140625,-0.09816635971963406,-0.03412555696368217,-0.03873137025870382
1782836501719118800,8.960118896484374,-0.15228373435437678,-0.035409751555323596,-0.027735947258118537
1782836501729047800,8.9700478515625,-0.10554010335803031,-0.019651041409373283,-0.03788127450169995
1782836501738976800,8.979976806640625,-0.10785364099740981,0.003378536522388458,-0.05916713230498135
1782836501748906000,8.989906005859375,-0.07877601507306098,0.0489426023453474,-0.03529788867868483
1782836501758835000,8.9998349609375,-0.045997196543216705,0.05512801298201084,-0.018892916518449782
1782836501768764700,9.0097646484375,-0.031039865908026692,0.031335049462318416,-0.04580976594602689
1782836501778693600,9.019693603515625,0.005265373182296753,-0.01699029776751995,-0.05629344003219157
1782836501788622800,9.029622802734375,0.055421442970633505,-0.041348493954539295,-0.06500489854775368
1782836501798551800,9.0395517578125,0.026831892824172972,-0.011668810483813285,-0.0868460704125464
1782836501808480800,9.049480712890626,-0.022868249890208244,0.00847965905368328,-0.07141882071066648
1782836501818409700,9.05940966796875,0.001664133819937706,0.022826748836040495,-0.06126876249304041
1782836501828339000,9.0693388671875,-0.016201777738332746,0.025240239718556403,-0.06505052778776735
1782836501838268700,9.0792685546875,-0.08778115930557251,-0.04376315388083458,-0.020644107567332683
1782836501848197600,9.08919775390625,-0.10176643003821373,-0.1287327628970146,-0.042211997182387856
1782836501858126800,9.099126953125,-0.0627805735617876,-0.1521574776262045,-0.08239385851034894
1782836501868055800,9.109055908203125,-0.04927519530057907,-0.10977730253636836,-0.06906310616368427
1782836501877984800,9.11898486328125,-0.05085632701218128,-0.05839724391102791,-0.04406200896324589
1782836501887913700,9.128913818359376,-0.07748948239386082,-0.039492052432894706,-0.0141026135019958
1782836501897843000,9.138843017578125,-0.16219313395023344,-0.03377367478609085,0.001727645776513964
1782836501907772700,9.148772705078125,-0.16950550279021262,-0.030567572221159932,-0.004171988455019891
1782836501917701600,9.15870166015625,-0.0749672704398632,-0.028746202012896536,-0.05349445696342736
1782836501927630800,9.168630859375,-0.08432429684996605,-0.020818916144967076,-0.07834925929466262
1782836501937559800,9.178559814453125,-0.1199929916024208,-0.03722819915413856,-0.01388016639035195
1782836501947488800,9.18848876953125,-0.09523089078962803,-0.02235503967106342,0.007955233320780098
1782836501957417700,9.198417724609374,-0.025443068814277648,0.0009521861582994461,-0.013670980619080364
1782836501967346700,9.2083466796875,0.02142740343213081,0.03167641024589538,-0.05128867228114977
1782836501977277000,9.21827685546875,-0.013083937978744506,0.049105099430680275,-0.07499620427340269
1782836501987205600,9.22820556640625,-0.046910804256796834,0.04293780897259712,-0.08155952657805755
1782836501997134600,9.238134521484374,-0.043944940188527105,0.010382277804613113,-0.06838042112914845
1782836502007063800,9.248063720703126,-0.025664018088579175,-0.01966857706606388,-0.011678181100357322
1782836502016992800,9.25799267578125,-0.013041852402687073,-0.03231821528077125,0.014852719483245163
1782836502026921700,9.267921630859375,-0.0034527708023786544,-0.05857435404360294,-0.007203592969570309
1782836502036850700,9.2778505859375,-0.03810498198866844,-0.08000643365085125,-0.03298542875153944
1782836502046781000,9.287781005859374,-0.03686345749497413,-0.08268997364640235,-0.04358920381972566
1782836502056710000,9.2977099609375,-0.09388590592145919,-0.07665361609160899,-0.05574528636382892
1782836502066638600,9.307638671875,-0.12521978633999825,-0.10063596470355987,-0.01434199348213151
1782836502076567800,9.31756787109375,-0.06270692380368709,-0.10508125367462634,-0.0015578969664871692
1782836502086496000,9.32749609375,-0.09055413115024566,-0.07912146750986576,0.02248701375396922
1782836502096424700,9.3374248046875,-0.08429740884304046,-0.03125847709476948,0.051620424986165016
1782836502106353700,9.347353759765625,-0.08838263233006,-0.024913491982221602,0.024354871718771754
1782836502116282600,9.35728271484375,-0.08588029412031173,-0.03320902664065361,-0.0012262355930171907
1782836502126212900,9.367212890625,-0.03224515004456043,-0.03137713503837585,-0.019939868288114667
1782836502136141800,9.377141845703125,-0.007944821524620055,-0.014886018964648246,-0.0333473391328007
1782836502146070800,9.38707080078125,-0.05437105713486671,0.007487725406885147,-0.01608447150159627
1782836502156000000,9.397,-0.09829261644780635,0.015016951867938041,0.04301746834637597
1782836502165929000,9.406928955078126,-0.0892494782924652,-0.016994973942637444,0.04541946972049773
1782836502175857700,9.416857666015625,-0.08828560169637202,-0.08652677533030509,0.039000122463796284
1782836502185786600,9.42678662109375,-0.10672434470653533,-0.10023206007778644,0.024934553036559372
1782836502195716900,9.436716796875,-0.027300679379701612,-0.06135375562906265,-0.02518047235533595
1782836502205645800,9.446645751953126,0.003344634252786636,-0.05621230108737945,-0.11476192254852503
1782836502215574800,9.45657470703125,0.02011690535545349,-0.02815992655754089,-0.12744970081653445
1782836502225503700,9.466503662109375,0.04428220931887626,0.009836918881535529,-0.10027122304439544
1782836502235433000,9.476432861328124,0.02180091291964054,0.016527356430888176,-0.08518516972931102
1782836502245362000,9.48636181640625,0.0009615385085344314,-0.012377251014113426,-0.038301801468711344
1782836502255290600,9.49629052734375,-0.03938508492708206,-0.044966099929809565,-0.003052629036270082
1782836502265220900,9.506220947265625,-0.12238660874068737,-0.09234569074213504,0.01720711885597557
1782836502275149800,9.51614990234375,-0.15222703573107718,-0.09232523247599601,0.049305279911588874
1782836502285078800,9.526078857421876,-0.07617197005450725,-0.07425649182200432,0.011972707067523151
1782836502295007700,9.5360078125,-0.05645020149648189,-0.05161971260011196,-0.048728557735867796
1782836502304937000,9.54593701171875,-0.03739478789269924,0.007563713252544403,-0.05109753362322226
1782836502314866000,9.555865966796874,-0.05206102662682533,0.03780687582492828,-0.03748493212787434
1782836502324795000,9.565794921875,-0.09761632462143897,0.012082651981711387,-0.025259748136624693
1782836502334724900,9.575724853515625,-0.1327975281178951,-0.028801731592416762,-0.007747344457451254
1782836502344653800,9.58565380859375,-0.1708919887125492,-0.06463409247398376,0.00910876900376752
1782836502354582800,9.595582763671874,-0.165897833687067,-0.06952712521255015,0.018556122312135992
1782836502364511700,9.60551171875,-0.013961889857053756,-0.013749708411097525,-0.002491287092771381
1782836502374440700,9.615440673828125,0.04552373381257057,0.0184521870136261,-0.03609561492763459
1782836502384368000,9.6253681640625,0.03140519208908081,0.0352133522003889,-0.047071840037405485
1782836502394297000,9.635297119140626,0.0016389993786811827,0.039974867513775825,-0.07721428218167274
1782836502404227300,9.645227294921876,0.038997546914219854,-0.0009749825119972228,-0.11372706307545304
1782836502414156300,9.65515625,0.011218728628754615,-0.04568506185412407,-0.12315293520437552
1782836502424085200,9.665085205078125,-0.06478840625286102,-0.012004326048493384,-0.06492472771732136
1782836502434014200,9.67501416015625,-0.0623451047539711,-0.05218728335499763,-0.029665070423483847
1782836502443943200,9.684943115234375,-0.05902151328921318,-0.12153788295686244,-0.02072460719132796
1782836502453872000,9.6948720703125,-0.07214987493157386,-0.0976326912343502,0.028076084198988972
1782836502463801000,9.704801025390625,-0.10817337447106838,-0.070588616964221,0.05051302999984473
1782836502473731000,9.71473095703125,-0.12411094831526279,-0.08309855444729328,-0.0039335400566458695
1782836502483660300,9.724660400390626,-0.08252455395162105,-0.0893149447441101,-0.018082531717326492
1782836502493589200,9.73458935546875,-0.044568040522933006,-0.049885436153411865,-0.021759959854744375
1782836502503518200,9.744518310546875,-0.024851532661914824,-0.006366027900576591,-0.03837746052080765
1782836502513447200,9.754447265625,-0.021519173368811605,0.005451835665106773,-0.05251814101086929
1782836502523376000,9.764376220703125,-0.05921557455658912,0.03172141843140125,-0.036632991473656146
1782836502533305000,9.77430517578125,-0.06876958484351635,0.04247779024541378,-0.03070135466866195
1782836502543235000,9.784235107421875,-0.08221358830630779,0.03359481108784675,-0.01680977183515206
1782836502553164300,9.794164306640624,-0.14210311660170555,0.0033037177205085754,0.014699757411237805
1782836502563093200,9.80409326171875,-0.15865502295196054,-0.017424013009667394,0.020316757042799144
1782836502573022200,9.814022216796875,-0.11520517280399799,-0.042566053050756454,-0.014851386042684316
1782836502582951200,9.823951171875,0.014703648135066031,-0.03371405355334282,-0.00010325944507494568
1782836502592880000,9.833880126953124,0.05122399128079414,-0.0025783260554075238,-0.007294723585434258
1782836502602809000,9.84380908203125,0.022675942188501358,0.011072598156332969,-0.054898935200180854
1782836502612739000,9.853739013671875,-0.04709259056448936,0.008742693904042243,-0.05116723785856738
1782836502622668300,9.863668212890625,-0.12735095314979553,-0.017519874599575994,0.008777655619569122
1782836502632597200,9.87359716796875,-0.0824655172407627,-0.0404243648469448,-0.014838800555747001
1782836502642526200,9.883526123046876,0.14450374800264834,-0.038817514172196387,-0.0572262821692042
1782836502652455200,9.893455078125,-0.5906804123163223,0.040055531534552574,0.17913953777709976
1782836502662384400,9.90338427734375,-0.30371055961847304,-0.10088906268179416,-0.031024814469367265
1782836502672313000,9.91331298828125,-0.015902502530813215,-0.12933774305284024,-0.07494120441684499
